customer_id,name,email,address
1,Terri Douglas,scottkenneth@example.com,"260 Robert Manors Suite 685, Henryfort, VI 55125"
2,Mark Noble,theodoreanderson@example.net,"47149 Faulkner Valley Suite 132, New Morgan, MT 28074"
3,Antonio Clark,claudiacooper@example.org,"0208 Harrington Streets, Mendozaborough, NC 26512"
4,Matthew Lester,michelle86@example.org,"PSC 4208, Box 9530, APO AE 93915"
5,Anthony Cantu,gabrieljackson@example.org,"7986 Caitlyn Street Suite 072, Katelynstad, WI 56809"
6,Hailey Orozco,hdavis@example.org,"149 Angela Spur, Michaeltown, DE 01872"
7,Tonya Martin,wcarter@example.net,"4776 Pruitt Rue, Weissland, IN 53547"
8,Scott Freeman,bushanthony@example.net,"276 Matthew Oval, Port Charles, FM 49832"
9,Rebecca Clark,weavereric@example.net,"89989 Soto Glen Apt. 491, New Kelli, IL 72531"
10,Sean Hardy,crawfordsara@example.net,"3066 Thomas Burgs, Davidberg, FL 70435"
11,Stacey Stewart,matthewaguilar@example.net,"2178 Mitchell Ranch Apt. 534, Wolfestad, MO 60778"
12,Christopher Mendoza,baileylee@example.org,"0414 Davis Cove Suite 495, Andersonmouth, TX 97760"
13,Erika Callahan,nathanharris@example.com,"781 Micheal Canyon Apt. 141, Lake Angelafort, IA 52155"
14,Ian Ramirez,davidlevy@example.net,"95533 Hurst Landing Apt. 429, Saundersville, IN 76144"
15,Gina Shaw,chavezcolleen@example.org,"71797 Elizabeth Crossing, Hollandside, ND 39847"
16,Shannon Chung,hmccarthy@example.com,"336 Peterson Walks, West Kimfurt, SD 31476"
17,Devin Bell,bradley10@example.org,"176 Gary Terrace Apt. 523, Port Justinstad, WI 86284"
18,Julia Spencer,nunezkimberly@example.com,"11098 Gavin Island, New Thomasborough, WV 09805"
19,Cassandra Scott,karen82@example.org,"PSC 0559, Box 4326, APO AE 52337"
20,Ernest Thompson,anavarro@example.net,"019 Lindsay Lights Suite 409, Crystalton, ND 54599"
21,Erin Ford,turnerkaren@example.org,"5364 Shaw Canyon, North Michaelhaven, OK 05579"
22,Dennis Fleming,barbaradennis@example.org,"751 Thomas Crossroad, West Robert, CA 71136"
23,Mary Coffey,daviswilliam@example.com,"30773 Jackson Lock, Johnsontown, VT 03370"
24,Todd Hayes,amy01@example.com,"71937 Smith Park, New Jenniferhaven, KS 29112"
25,John Payne,amandavaldez@example.org,"3554 Aaron Ways, West Crystal, MP 96495"
26,Katie Branch,dennis41@example.org,"5751 Melissa Glen Apt. 558, Buchananberg, MA 44495"
27,Eric Watts,wpierce@example.com,"92236 Jones Run Suite 005, Arnoldview, FM 13997"
28,Robin West,xmacdonald@example.org,"0030 Michael Stravenue Suite 153, Johnsonport, ND 05576"
29,Matthew Guzman,rcollins@example.net,"882 Willie Parkways Apt. 304, North Brandon, HI 56516"
30,Brendan Perry,tomsmith@example.com,"081 Gregg Cliffs Apt. 326, South Christian, HI 03980"
31,Stephanie Johnson,ijenkins@example.org,"037 Rogers Path Suite 300, Jerrymouth, PW 48511"
32,Michael Smith,wilsonmichelle@example.org,"USNS Lee, FPO AE 20617"
33,Katie Bauer,richard17@example.com,"71170 Daniel Road Suite 264, North Erica, NJ 57493"
34,Krista Griffith,amberguzman@example.org,"776 Kerry Circle Apt. 558, Port Karen, TX 09366"
35,William Nelson,amy64@example.org,"25037 Sabrina Ferry, Masseyfurt, PW 54227"
36,Randall Smith,matthew56@example.net,"594 Sylvia Course Suite 644, South Philip, FL 01936"
37,Robert Glenn,reaton@example.net,"675 Drake Trail, North Crystalfort, MO 43171"
38,Nicole Scott,mitchellcynthia@example.com,"1914 Marcus Shoals, Ericbury, WY 53492"
39,Richard Lynn,figueroajessica@example.org,"687 Leach Terrace Apt. 114, Donovanmouth, NV 97717"
40,Emily Hughes MD,elliottnancy@example.org,"96730 James Ridges Apt. 374, East Christieburgh, RI 18099"
41,Jason Brady,jamie66@example.net,"9661 John Groves, Lake Jamesport, OR 85841"
42,Adrienne York,gregelliott@example.org,"403 Nathan Union, Port Christopher, AR 81756"
43,David Duke,ortizbrian@example.com,"88656 King Brook, Jasonside, IA 09692"
44,Steven Lowery,christopher08@example.net,"6633 David Knoll, Hopkinsmouth, PR 31726"
45,Kevin Wong,mstephenson@example.com,"673 Phillips Springs, Dominiqueside, PR 83417"
46,Julie Jones,reedjoseph@example.com,"291 Darrell Row Suite 179, Nguyenton, ME 26321"
47,Michelle Marks,umolina@example.net,"5374 Thomas Walks, East Gregory, OK 74995"
48,Jonathan Herman,joshuafischer@example.net,"5994 Salazar Roads Suite 551, Port Amanda, NY 59797"
49,Benjamin Jackson,christopherlane@example.net,"4724 Wall Prairie Apt. 125, Hotown, PR 60517"
50,Richard Washington,reyesjames@example.net,"4724 Baker Bypass, Fordborough, FL 91761"
51,Michael Ortega,raymond37@example.org,"08952 Kimberly Harbor Apt. 933, Lake Christopherview, PA 59219"
52,Chad Myers,irodriguez@example.com,"40509 Jennifer Unions, Jimside, IL 77390"
53,Craig Jones,leontracy@example.com,"991 Lisa Trace, Christopherburgh, ME 08400"
54,Jeffrey Parrish,christopherbowen@example.net,"USNS Mcclain, FPO AA 01895"
55,Kimberly Mcdonald,marysteele@example.org,"73394 King Village, Scottside, WY 12674"
56,Michael Mcdowell,alanashley@example.org,"171 Mullen Junctions, Mitchellfurt, MI 16576"
57,Greg Lawrence,xwilcox@example.net,"70445 William Plaza Apt. 259, New Juliefort, MT 16139"
58,Robert Anderson,fhernandez@example.org,"0984 Wilson Garden, Juliechester, WY 31350"
59,Amanda Lee,amy49@example.org,"510 Green Ford Suite 909, North Meghanfurt, NC 71393"
60,Leslie Thompson,bobbywalker@example.org,"72694 Herrera Spring Suite 999, West Rebecca, PA 23467"
61,April Mcdonald,ogreen@example.net,"162 Powell Mountains Suite 855, Millerstad, MO 23153"
62,Marcus Johnson,christopherjacobs@example.org,"69385 Jorge Orchard Suite 018, Port Steven, OR 46328"
63,Kyle Diaz,nancyjohnson@example.com,"7025 Martin Cliffs, Romerobury, IN 29991"
64,Gina Cooper,jeremy07@example.org,"88615 Renee Valleys Suite 042, Josephside, WY 73180"
65,Neil Salazar,mannamy@example.org,"823 Douglas Parkways, Lake Rebecca, IA 57222"
66,Brian Coleman,jtaylor@example.com,"376 Thomas Lane Suite 448, Perezmouth, SC 59823"
67,Aaron Watson,levans@example.org,"57566 Deanna Mall, Fuentesland, TN 10716"
68,Molly Shepard,ubrown@example.com,"676 Gray Row Suite 039, Meredithland, KS 06186"
69,Matthew Bryan,james28@example.com,"Unit 4218 Box 8415, DPO AA 03923"
70,Trevor Edwards,pollardjason@example.net,"6309 Davis Islands Suite 817, New Markbury, FM 20707"
71,Gloria Wood,brenda29@example.org,"60756 Joshua Crossroad Suite 178, Buchananside, MH 66339"
72,William Paul,ibarrakevin@example.net,"70317 Brooks Court Apt. 493, Ericksonchester, MP 31490"
73,Christopher Brown,nathanieltorres@example.com,"099 Dawn Rest, Port Tonya, MD 21198"
74,Christina Thompson,casekimberly@example.net,"583 Frye Drive Apt. 024, East Sarah, WY 50356"
75,Anna Hull,suttonjames@example.com,"225 Jones Glen Apt. 667, Lauraville, GU 22552"
76,Sara Williams,cartergary@example.net,"PSC 6863, Box 3996, APO AP 39468"
77,Mary Cardenas,jamesray@example.net,"1130 Elizabeth Overpass, Lewisside, MT 73626"
78,Robert Barr,lmyers@example.org,"002 Harrell Freeway Suite 038, South Lisaview, MD 82046"
79,Michael Wilson,gcompton@example.org,"37574 Keith Forge, Anthonybury, WV 08472"
80,Heidi Sawyer,saraanderson@example.org,"75391 Michael Harbor, West Johnton, WA 15661"
81,Kayla Thomas,linda05@example.org,"30211 Sarah Neck, West Zachary, TX 23298"
82,April Osborne,gnichols@example.net,"17518 James Dale Apt. 068, Karenton, OR 57018"
83,Matthew Whitaker,amymclean@example.net,"653 Gibbs Bridge Suite 645, Christyview, PW 95952"
84,Sue Leonard,james00@example.com,"Unit 7598 Box 1393, DPO AP 63097"
85,Susan Marsh,mark91@example.com,"9669 Melissa Forge Apt. 477, Port Marytown, NV 99246"
86,John Perez,debbie16@example.com,"22728 Carl Center, Karenton, HI 00848"
87,Eric Evans,tdickerson@example.com,"885 Marcus Grove Apt. 605, Lake Amy, IN 84740"
88,Daniel Ritter Jr.,hollandjason@example.org,"87193 Baker Pines Suite 089, New Dominiqueville, NC 02215"
89,David Dominguez,coreybell@example.com,"7484 Joseph Isle, Lake Christopher, NH 77440"
90,Tiffany Walker,uwilson@example.net,"9441 Holly Canyon Suite 543, Port Markhaven, IL 05991"
91,Larry Williams,isanchez@example.com,"51035 Riley Landing, South Christineside, KY 96567"
92,Crystal Smith,fproctor@example.com,"1566 Matthew Stream Suite 867, Hoganshire, RI 33593"
93,Tina Aguilar,albertrussell@example.org,"8047 Vanessa Throughway, West Jean, MH 73838"
94,Alexandra Hopkins,smithlisa@example.net,"659 Kevin Track, South Brittneyville, UT 75436"
95,Cody Smith,scott78@example.org,"USS Miller, FPO AE 85613"
96,Samuel Camacho,kdavis@example.org,"96429 Kaufman Junctions, East Manuelview, PW 01718"
97,Amy Edwards,carolyn50@example.com,"7260 Bailey Views Apt. 917, Port Rebeccabury, PA 19179"
98,Jill Lee,garciavicki@example.net,"90551 Green Fall, New Diana, PR 22474"
99,Mary Castillo,david90@example.com,"153 Robinson Parkways, Deniseport, WV 16043"
100,Claudia Brewer,tammy38@example.net,"59088 Obrien Rapid, South Lisa, KS 64569"
101,James Martinez,sharisheppard@example.com,"318 Powers Tunnel Apt. 403, West Lauren, MI 18797"
102,Katherine Mcgee,fpalmer@example.com,"0247 Martin Expressway Apt. 826, Port Mary, ME 92944"
103,Jeffrey Le,jose71@example.com,"Unit 9764 Box 8618, DPO AE 66101"
104,Matthew Fuller,richardturner@example.net,"3734 Bauer Unions, New Lisashire, ND 77832"
105,Karl Sullivan,kbell@example.net,"78915 Haley Wells, East Stephanie, WI 90668"
106,Victoria Porter,wwilson@example.com,"53142 Orozco Prairie Suite 671, Lake Derekchester, AK 06491"
107,Micheal Edwards,bradley39@example.org,"609 Steve Ramp Apt. 767, New Brandonmouth, FL 07477"
108,Aaron Graham,barreraelizabeth@example.com,"087 Williams Path, Trevinomouth, MO 76487"
109,Jacob Rodriguez,steelemichael@example.com,"5857 Rivas Point, North Kyle, AR 97250"
110,Kenneth Ross,arnoldlaura@example.org,"11673 Andre Drive Apt. 972, Johnsonport, IN 12003"
111,Dustin Pruitt,zkennedy@example.net,"402 Gonzalez Lodge Suite 645, Jamesview, MO 53862"
112,Kelly Owens,gina48@example.com,"USCGC Guzman, FPO AA 31047"
113,Kristin Sullivan,jgutierrez@example.org,"Unit 1858 Box 5057, DPO AE 80790"
114,Christie Walters,ashley90@example.com,"3902 Erica Harbors, Port Catherinemouth, MN 25580"
115,Robert Newman,tracey94@example.net,"4444 Lindsey Rest, Morrischester, IL 26858"
116,Aaron Roberts,johnhoward@example.com,"9214 Briana Heights Suite 372, Sydneyton, MS 94257"
117,Joshua Williams,allen27@example.net,"71509 Lisa Roads, Lake Laurashire, WV 75023"
118,Christopher Martin,krystal41@example.org,"5156 Jackson Cove, Deannashire, VT 55756"
119,Gregory Gordon,amandamcconnell@example.org,"5297 Hawkins Gateway Suite 800, Jenniferton, PR 64779"
120,Robert Jones,gregory13@example.org,"97852 Dylan Squares Suite 622, Gillmouth, VI 63235"
121,Linda Carey,floresjeffery@example.org,"1027 Katherine Valleys, Bakerstad, AL 44592"
122,Charles Calderon,scott68@example.net,"7257 Walker Ports Suite 281, North Monicaberg, FM 38787"
123,Jessica Price,royashley@example.org,"0526 Julie Park Suite 764, Nancyhaven, WI 13463"
124,Alexis Holmes,matthew52@example.net,"289 Christopher Gardens, Johnstown, NV 49443"
125,Jennifer Preston,yesenia84@example.org,"86428 Murillo Gateway Apt. 162, South Kyleton, PR 49590"
126,William Fernandez,lori94@example.org,"0322 Jeff Trafficway, Morrisfurt, NE 13187"
127,Dr. Ralph Horton III,noah65@example.com,"628 Mitchell Shoal, East Christopher, IA 87746"
128,Eduardo Smith,martinmatthew@example.net,"20602 Aaron Circles, Bowenberg, LA 63552"
129,Megan Garcia,nicholas89@example.net,"650 Ballard Forges, Michaeltown, NC 42243"
130,John Lynch,jacksonmichael@example.org,"01479 Wilson Rapid Suite 736, Port Richard, OR 35076"
131,Meghan Guerrero,batesmichael@example.com,"Unit 0847 Box 8281, DPO AA 58029"
132,Mrs. Angela Sheppard,juliemcknight@example.org,"877 Rodriguez Knoll, Reyeston, SD 87927"
133,Jacqueline Smith,gardnershannon@example.com,"5253 Barr Ports Suite 227, Gregorymouth, SD 49557"
134,Tamara Hill,phillipbell@example.com,"38143 Chavez Wells, Amandastad, OR 83485"
135,Aaron Johnson,cynthia04@example.org,"8604 Zachary Route, East Kristaburgh, IL 45284"
136,James Smith,wilkinskevin@example.com,"356 Duran Crest Suite 423, Ashleyview, NE 53979"
137,Steven Mayo,iwallace@example.com,"Unit 8877 Box 1395, DPO AE 92351"
138,Ellen Fleming,lisaespinoza@example.org,"78997 Lopez Forest, West Matthewside, MP 68226"
139,Nicholas Nixon,robbinstina@example.net,"987 Laura Orchard, Cynthiaside, DE 38249"
140,Jared Valenzuela,nicole45@example.net,"3134 Baker Plaza Apt. 291, New Tara, PW 78462"
141,Melissa Rogers,vwhitaker@example.net,"1175 Rogers Fall, North Charles, ME 55890"
142,Kevin Henderson,campbellmatthew@example.org,"277 Cohen Lodge Suite 276, West Daniel, AL 69344"
143,Debra Gonzalez,csimmons@example.org,"19295 Joshua Forges Apt. 342, Lake Joshuastad, MT 25098"
144,Angela Soto,fletcherdanielle@example.com,"0328 Gonzalez Loop, New Christinemouth, TN 63917"
145,Edward Cummings,jenniferhayes@example.net,"PSC 4755, Box 1851, APO AE 40452"
146,Rebecca Armstrong,psmith@example.org,"692 Jeffrey Village, East Ashley, IL 27750"
147,Katelyn Mitchell,rwalters@example.net,"6137 Kim Meadows, East Amy, OR 81393"
148,David Price,ibarnes@example.net,"766 Moore Fords, Lake Ross, DC 08505"
149,Melanie Hicks,walkerkristen@example.net,"90883 Tucker Valleys, East Robert, AR 25193"
150,Mrs. Katherine Jimenez,larryevans@example.net,"135 Kathryn Squares Suite 472, Simpsonview, NM 28129"
151,Danielle Rogers,angelaacosta@example.net,"53063 Wong Heights, Mitchellfurt, KS 85339"
152,Joseph Hunt,mark76@example.net,"5061 Scott Rapid Apt. 029, East Jamesfort, NH 79328"
153,Victoria Walker DDS,mcgeemichael@example.com,"587 Patricia Villages Suite 998, North Anthony, NC 18600"
154,Michele Brown,misty35@example.org,"55999 Banks Roads, Davidchester, AK 11172"
155,Jesse Kelly,eunderwood@example.org,"1498 Anthony Curve Suite 980, Ramoston, WY 79641"
156,Kristine Sanchez,natashadonovan@example.net,"USCGC Turner, FPO AE 86280"
157,Robin Pollard,elizabeth31@example.net,"132 Anna Islands, Durhamstad, MP 86291"
158,Kathy Stewart,ashleyhughes@example.org,"51996 Miguel Mount Apt. 218, Port Sarah, IA 94463"
159,Paul Hodges,vbrennan@example.com,"USCGC Zimmerman, FPO AE 96749"
160,Scott Drake,santoslinda@example.net,"7152 Richards Falls, Melendezmouth, FM 01914"
161,Stephen Barnett,james09@example.com,"72847 Harper Neck, Lake Robert, MO 17901"
162,Jeremy Petty,jturner@example.org,"Unit 8453 Box 5382, DPO AA 74137"
163,John Gill,tthompson@example.org,"6230 Robyn Spring, Newmanbury, PW 15704"
164,Brandi Greene,kayla78@example.org,"867 Joseph Walks, Mosshaven, FL 38326"
165,Jessica Morgan,karensmith@example.net,"4960 Johnson Plaza Apt. 449, East Amandaburgh, MN 60179"
166,Joseph Briggs,nhayden@example.net,"4950 Bruce Trafficway Apt. 341, North Kimberly, NV 70201"
167,Marilyn Hanna,paul54@example.com,"9345 Daniel Road Apt. 553, East Amber, VA 65171"
168,Kristina Flynn,gwendolyncampbell@example.org,"7513 Cathy Valley, Shepardtown, FL 94804"
169,Tracey Meyer,brownsusan@example.com,"249 Aaron Hills Suite 439, Lake Brittanyfurt, VA 96786"
170,James Rodriguez,frazierian@example.com,"118 Michael Haven, East Charles, MH 29239"
171,Bryan Mullen,porterashley@example.org,"USCGC Goodman, FPO AA 54933"
172,Maria Bruce,thompsontheresa@example.com,"209 Nathan Gateway Apt. 202, East Graceland, SD 62104"
173,Adam Ortiz,jeremiah69@example.com,"7132 John Crossing, Lopezmouth, MP 68367"
174,Thomas Golden,simmonschad@example.com,"736 Palmer Rapid Suite 524, Geraldfort, WY 31624"
175,Jessica Torres,homeghan@example.com,"32370 Ashley Meadow Suite 579, Patriciaton, CT 61049"
176,John Norman,jsmith@example.org,"0079 Benitez Union Suite 516, Hodgesmouth, DC 54483"
177,Ashley Davis,shannonmorgan@example.com,"01330 Lane Parkways, East Danaton, GU 24005"
178,Melissa Smith,wintersdaniel@example.com,"897 Tammy Junction, Christophershire, NH 94303"
179,Lisa Chan,randolphsherri@example.com,"589 Jennings Shore, Courtneyberg, WY 54103"
180,Stephanie Padilla,browntammy@example.org,"0362 Logan Pike, North Stevenshire, KS 15524"
181,Harry Poole,conleyteresa@example.com,"03258 Dawn Cape, Bettybury, MT 63444"
182,Daniel Anderson,edwardsjohn@example.net,"2622 Teresa Orchard, Port Christopherberg, DE 06701"
183,Melissa Kaufman,prattcourtney@example.net,"01825 Walker Corners, Kathrynfort, MP 09723"
184,Laurie Love,jenkinscarlos@example.org,"74941 Jackie Causeway, Joseside, OR 79465"
185,Alexandra Powers,nealedward@example.com,"35766 Eric Mountain, Lake Johnny, GA 21185"
186,Rachel Riddle,robert25@example.com,"17697 Jacob Summit, Lake Jordan, GA 79905"
187,Jennifer Kennedy,curtis96@example.com,"6441 Jose Alley Suite 672, North Lindsay, CO 46035"
188,Richard Ward,smithkathryn@example.org,"112 Ricky Path Apt. 623, North Jenniferhaven, IN 26204"
189,Anne Stephens,valenzuelaryan@example.com,"55809 Diana Club, South Nathaniel, MO 25179"
190,Daisy Costa,michael81@example.net,"10418 Mckenzie Isle, Castilloside, CA 33676"
191,Robert Brown,daniellenunez@example.net,"8752 Lauren View, East Dennishaven, NY 47307"
192,Cameron Watson,roysarah@example.net,"2967 Dixon Via Suite 571, Kristatown, OK 03036"
193,Wanda Vincent,jasmine63@example.org,"9795 Brown Alley Apt. 952, Hartmanbury, GU 55189"
194,Evan Sellers,larajoseph@example.org,"USNV Matthews, FPO AP 75013"
195,Michael Davis,scott85@example.net,"4638 Cindy Port, North Connie, TX 10190"
196,Sherri Bowers,timothygriffith@example.org,"6487 Daniel Viaduct, Port Robertfort, SC 26048"
197,Benjamin Sweeney,ymiller@example.org,"30902 Davis Cliff Apt. 247, Coxburgh, MS 95294"
198,Linda Bridges,jonesjustin@example.net,"17184 Gina Radial, Shelleyfurt, WA 91446"
199,Michele Williams DVM,sarias@example.org,"012 Samuel Terrace, Danabury, AL 81505"
200,Mr. Angel Williams,rebecca08@example.com,"196 Kelli Mountain, West Brianna, TN 12739"
201,Ray Pittman,brownjustin@example.net,"Unit 3725 Box 5432, DPO AA 80810"
202,Christian Thompson,jwarner@example.net,"8289 Sherry Brook, Harrellton, AL 43713"
203,Janet Johnson,willisedward@example.org,"4522 Clay Views Apt. 403, Jamesstad, WA 31067"
204,Christopher Massey,brandy52@example.net,"272 Lane Lodge Apt. 455, Port Michaelshire, PR 96410"
205,Suzanne Benjamin,joshua45@example.net,"94851 Hutchinson Inlet, Smithmouth, MT 16668"
206,Joann Coleman,amandadavis@example.net,"63819 Aaron Station Apt. 444, West Marvinberg, MT 68418"
207,Austin Lindsey,cynthiaward@example.org,"738 Martin Greens, Snowhaven, AL 84021"
208,James Thompson,emalone@example.net,"USS Sanchez, FPO AA 90047"
209,Travis Brooks,steven07@example.com,"85424 Hogan Inlet, Jeffland, UT 26793"
210,Roger Carey,gonzalescaleb@example.org,"729 Mccarty Radial Suite 820, Cameronton, IL 64206"
211,Paul Duffy,glamb@example.com,"28663 Maria Ville, Stanleyview, AZ 84178"
212,Tyler Barton,trichmond@example.org,"451 Smith Hollow Apt. 672, Sethfort, LA 76749"
213,Theresa Tate,swells@example.org,"85007 Melissa Manor, Suttonborough, AK 73283"
214,Stephen Frank,cheryl35@example.org,"827 Roberts Parkway Apt. 612, North Alexaville, GA 61796"
215,Brittany Weeks,kevinlynch@example.com,"929 Taylor Turnpike, Lake Michaelchester, PA 29381"
216,Walter Chambers,susan95@example.com,"3006 Wendy Islands Suite 702, Changmouth, VA 21152"
217,Diane Edwards,gonzalezcolleen@example.net,"2826 Hernandez Valley Suite 188, Greenbury, TX 64994"
218,Timothy Richards,gordonerika@example.org,"694 Keith Forest, Lake Christopher, CA 29144"
219,Steven Thompson,jesus35@example.org,"618 Richards Burgs Suite 623, Elizabethberg, OH 71203"
220,Melanie Scott,hponce@example.com,"29549 Kirk Vista, Goodstad, AZ 40534"
221,Sara Garcia,dixonantonio@example.org,"522 Matthew Cliff, Martinezchester, MH 59553"
222,Sarah Gentry,amberstone@example.org,"40993 Richard Drives Apt. 614, West Kyleside, CO 20580"
223,Tom Nichols,linda09@example.org,"3767 Foster Pines, East Dianaland, TX 13785"
224,Joseph Hunt,lritter@example.com,"325 Lopez Burgs Suite 103, Shawntown, NV 29076"
225,Matthew Hughes,dharris@example.org,"8034 Howard Vista Apt. 489, Diazmouth, NH 33849"
226,Victor Weaver,jessica38@example.org,"6958 Sweeney Junction Suite 735, Ashleymouth, LA 41238"
227,Michael Jones,bowmanjennifer@example.net,"94387 Andrew Passage Apt. 707, North Pamela, DC 43087"
228,Jessica Rosario,christinalawson@example.org,"4216 Gonzalez Squares Apt. 710, Jesusmouth, MO 63089"
229,Julian Miller,dennis16@example.net,"2578 Woodard Islands Apt. 103, South Bryan, FM 97757"
230,Mr. James Anderson,sheppardjenny@example.com,"10238 Cristina Club, Weaverbury, ID 47854"
231,Joseph Gray,charlesrobinson@example.net,"PSC 5643, Box 2352, APO AE 64831"
232,Katherine Quinn,hillkyle@example.net,"953 Gregory Common, Davishaven, LA 69432"
233,Kayla Friedman,julia05@example.net,"13209 Jones Hollow, Farrellbury, MN 45949"
234,Robert Herman,chad82@example.com,"38399 Barbara Trace, Sarahfort, AZ 33356"
235,Wayne Johnson,nguyenheather@example.org,"024 Benjamin Plains Apt. 077, Lake Jacobchester, WI 35530"
236,Tamara Mills,hickmancolleen@example.net,"25121 William Cliff, Bassland, HI 60410"
237,Danielle French,wilsonchristopher@example.com,"5119 Nathaniel Mews Apt. 740, New Bradley, LA 98664"
238,Aaron Green,nroberts@example.net,"8054 Smith Turnpike, West Krystal, VT 18299"
239,Brad Moore,tracyunderwood@example.com,"55045 Melissa Brook, East Elizabeth, NM 37640"
240,Allison Gay,logan81@example.org,"800 Green Park, New Jennifermouth, AL 63985"
241,Jessica Duke,richardroman@example.org,"0945 Patricia Turnpike Apt. 506, Michaelport, WI 20178"
242,Adriana Peterson,andreasanders@example.com,"450 Barker Summit Suite 323, Hubbardside, NE 43614"
243,Leslie Walker,maryreynolds@example.org,"Unit 5726 Box 2579, DPO AP 83992"
244,Roger Diaz,kimberly30@example.com,"42317 Kathy Green Suite 345, Hinesburgh, LA 15482"
245,William Pineda,xwilliams@example.com,"5632 William Walk Suite 093, Melissaland, TX 92172"
246,Timothy Porter Jr.,jacquelinethompson@example.net,"32584 Curtis Flat, Davisview, PA 38021"
247,Donna Martinez,gkelley@example.net,"5131 Smith Corners Apt. 752, New Phillip, GU 37396"
248,Sarah Gallegos,collinspatty@example.com,"44381 Mcmahon Groves Apt. 975, Beckyberg, MS 88796"
249,Jacob Norton,cindyroy@example.net,"086 Davies Locks, New Richardstad, NH 39781"
250,Curtis Charles,sue09@example.net,"5647 Patricia Tunnel, West Dustinfurt, MT 17873"
251,Catherine Mcpherson,rpitts@example.net,"329 Christopher Way, Tracifort, NH 83029"
252,Angela Hernandez,cjones@example.net,"013 Brooke Roads Suite 532, Fernandeztown, GU 07470"
253,Keith Jones,mwashington@example.com,"627 Farmer Brook Suite 570, Denisemouth, AZ 78209"
254,Erin Meadows,donaldmoore@example.org,"744 Michele Track Suite 924, Sarahfurt, MT 23743"
255,Alyssa Cox,kurt40@example.org,"97215 Berg Drives Suite 921, Bairdhaven, MT 43869"
256,Michael Dunn,allenjennifer@example.org,"22485 Geoffrey Avenue Suite 566, Cervanteshaven, CO 91789"
257,Christopher Huber,ajensen@example.org,"5545 Perez Viaduct, East Brian, MA 06851"
258,Lisa Collins,simserica@example.net,"677 Dawn Crossing, Lake Paige, MD 84935"
259,Andrea Graham,erica36@example.com,"284 Jasmine Mountains, Rivasshire, MA 01254"
260,Sandra Roth,smorgan@example.com,"042 Cunningham Isle, Ericburgh, NV 66939"
261,Mrs. Courtney Hanna,zsmith@example.org,"16774 Maria Junction, Christinafurt, MO 21737"
262,Alexander Sosa,david26@example.org,"040 Megan Terrace, Anthonyburgh, NY 20047"
263,Jasmine Parsons,maryhawkins@example.org,"26557 Allison Throughway Suite 300, West Bianca, MI 85210"
264,Benjamin Brown,rachael91@example.net,"904 Shannon Dale, Danielborough, SD 36021"
265,Heather Harris,susan56@example.net,"1099 Ashley Gardens, Samuelport, MS 14018"
266,Nicole Mckinney,gibbsstephen@example.com,"4302 Nancy Lane, Barnesville, NM 88564"
267,Cindy Castillo,georgecastro@example.org,"740 Michael Ford Apt. 313, New Jennifer, AK 27866"
268,Robert Macias,larrywebb@example.com,"75905 Michael Flat Apt. 894, North Daniellefort, OK 40718"
269,Hannah Olson,pgriffin@example.org,"2475 Walker Hollow, Wendyview, AL 38327"
270,Steven Wilkins,normanmackenzie@example.com,"174 Brown Loop Apt. 070, Cochrantown, FM 37941"
271,Madeline Ibarra,zachary71@example.net,"36942 Kathleen Points, Karenville, DE 55210"
272,Adrian Roberts,torrestoni@example.net,"836 Amanda Shore, Lake Gavinberg, IN 23573"
273,Sarah Humphrey,hawkinssheila@example.net,"2004 Graham Grove, West Pamelaside, AL 43775"
274,Terry Murray,bishopwilliam@example.org,"048 Kayla Spring Suite 089, Coreyburgh, GU 69569"
275,Terry Escobar,erika43@example.net,"94774 Stephanie Port, Lake Kimberly, AL 47171"
276,Gregory Ingram,vegaalexis@example.org,"0577 Kenneth Bridge Apt. 596, Michaelland, PA 13217"
277,Jared Smith,sfrank@example.com,"645 Dylan Lodge Suite 943, West Michael, NV 01909"
278,Veronica Myers,icisneros@example.org,"2305 Espinoza Inlet, Eddieton, VA 95797"
279,James Cummings,scott57@example.org,"6000 Danielle Loop, South Stephenchester, ID 90355"
280,Carrie Brown,haleygeorge@example.net,"29843 Gina Prairie, Emilytown, NJ 13245"
281,Kathryn Walker DDS,vrose@example.org,"6097 David Square Suite 132, South Brianafort, ID 12737"
282,Erin Mills,miranda46@example.org,"222 Gloria Track, Lake Sean, NM 12503"
283,Mark Allen,myersmarissa@example.net,"308 Amy Tunnel, Romeroshire, NY 19609"
284,Nicole Ford,smithnicole@example.org,"442 Livingston Rue, Gutierrezport, CO 37753"
285,Maria Reyes,ryanjohnson@example.org,"6984 Harrell Stream Suite 771, Rosestad, OH 51342"
286,Jared Campos,staffordamy@example.org,"46077 Horne Forge, Riveraberg, IA 57543"
287,Amy Moore,belldeanna@example.net,"757 Yolanda Forks Suite 752, New Johnborough, SD 43622"
288,Matthew Johnson,hodgetimothy@example.com,"0871 Wells Pike Apt. 090, Matthewville, PA 39661"
289,Cassandra Cook,gambleryan@example.org,"3486 Nguyen Hills Suite 682, New Sheryl, PA 83222"
290,Suzanne Morris,bgomez@example.org,"115 Sullivan Club, North Jennaborough, NV 68670"
291,Robert Allen,jeffmullen@example.com,"744 Ortega Ridge Suite 977, North Melanie, NV 16458"
292,Sandra Dunn,leeherbert@example.net,"0700 Garcia Stream Apt. 998, Velezburgh, SC 19381"
293,Christine Cuevas,qdaniels@example.com,"35466 Jeremy Shoal, Brockfort, PW 25816"
294,Olivia Johnson,xanderson@example.org,"51204 Michael Islands Suite 462, Ramseystad, CT 94291"
295,Dustin Martin,ahuang@example.com,"7910 Anderson Ramp Apt. 874, Port Eddie, KY 68676"
296,Andrew Miles,parrishwilliam@example.net,"191 Claudia Plains Suite 955, Brianville, NH 58212"
297,Amy Herrera,jenniferking@example.org,"075 Vincent Way Apt. 936, Port Kevinchester, VT 75354"
298,Katelyn Armstrong,williamcohen@example.net,"65193 Williams Landing Apt. 351, Thomastown, ME 15661"
299,John Roberts,awolfe@example.com,"1736 Jonathon Lakes Apt. 666, East Anthonyberg, NC 85636"
300,Rita Garza,crawfordhannah@example.com,"17081 Heather Rest, Watkinsstad, SD 58802"
301,Jennifer Romero,woodstephen@example.org,"110 Christian Forks, East David, VA 94094"
302,Joshua Campbell,zcampbell@example.org,"9775 Toni Square Suite 047, West Hectorhaven, NY 93563"
303,Margaret Taylor,michellejones@example.com,"USNV Harvey, FPO AP 59240"
304,Ruben Chavez,glen17@example.org,"PSC 7553, Box 1325, APO AE 20861"
305,Leslie Wolf,gcameron@example.org,"527 Juan Neck Suite 641, New Randallfort, KS 32570"
306,Shannon Morales,rpatton@example.com,"42587 Barnes Island, Stephanieton, OK 05512"
307,Bonnie Long,ibright@example.org,"151 Brian Plains, Lake Thomas, HI 68208"
308,Rebecca Williams,hreeves@example.net,"59116 Fischer Forges, South Markmouth, IA 77119"
309,James Thompson,elizabeth28@example.net,"9956 Thomas Way Apt. 429, Brownside, OR 82684"
310,Shawn Solis,simmonstimothy@example.com,"46509 Samantha Ridge Suite 444, Lake Johnbury, ME 39364"
311,Billy Roberts,csolis@example.com,"85604 Campbell Terrace, East Jesseside, UT 76134"
312,Terry Howard,rossglen@example.org,"2980 Jesus Cape Suite 827, Nicolebury, HI 51130"
313,Alexander Robinson,william42@example.net,"0757 Houston Mountains Apt. 127, Mayburgh, IA 84119"
314,Nicole Garza,karen06@example.net,"9399 Gray Port Suite 485, Williamsport, OK 09288"
315,Robert White,wilsonnatasha@example.net,"459 Amanda Lodge, Teresamouth, VA 06358"
316,Richard Miller,chelsea68@example.org,"5543 Scott Shoal Suite 842, Lake Amberborough, MI 22286"
317,Luis Ramirez,taylor60@example.net,"39415 Jeffrey Estate, Michelleshire, NC 41573"
318,Claudia Hoffman,pharris@example.net,"37647 Caroline Coves, South Eduardo, MT 46901"
319,Kevin Valentine,flee@example.org,"Unit 8252 Box 6330, DPO AA 65808"
320,Corey Martin,austinshannon@example.com,"362 Lopez Lock Apt. 122, Port Joseberg, GU 26039"
321,Stephanie Moore,michaelsanders@example.org,"USCGC Smith, FPO AP 05904"
322,Steven Garcia,amber35@example.org,"5421 Jeremy Common, North Stanleymouth, NJ 23783"
323,Ashley Peterson,lunasusan@example.org,"3192 Knight Trace Apt. 084, Josephview, NM 97122"
324,Steven Bean,kimwilliams@example.net,"246 Murillo Circle Apt. 616, Darlenestad, MO 49147"
325,Noah Murphy,robertsmichelle@example.org,"84633 Hayes Circle, Stanleyville, PR 26607"
326,Denise Green,ijones@example.net,"32688 Williams Isle Apt. 435, North Joseton, WA 01924"
327,Danielle Wood MD,dboyer@example.com,"70483 Jordan Port, North Matthewfurt, ME 65466"
328,Annette White,guerramichelle@example.net,"88265 Nancy Harbor, New Paulland, WY 04535"
329,Bradley Shelton,brandon65@example.com,"USCGC Horton, FPO AA 88350"
330,Melanie Ortega,ruben26@example.org,"71605 Taylor Route Suite 004, West Deborah, TN 21648"
331,Wesley Gardner,nrobinson@example.com,"20397 Melanie Well, Rebeccamouth, WI 28584"
332,Dana Cole,kristina78@example.org,"Unit 5532 Box 4932, DPO AA 41011"
333,Karen Nelson,everetttonya@example.org,"Unit 2009 Box 5563, DPO AA 54986"
334,Jennifer Martinez,jamesdudley@example.com,"576 Holt Court Suite 033, East Williamton, MT 87414"
335,Erica Brown MD,elizabethhernandez@example.net,"89180 Sandra Grove Suite 256, West Randyfurt, CT 20885"
336,Kristin Jones,nathangoodman@example.net,"643 Dale Prairie, Ericaport, NE 56593"
337,Michael Castillo,garzastephanie@example.org,"78876 Christopher Key, North Codymouth, RI 88643"
338,Casey Jimenez,jamescynthia@example.net,"4319 Monica Stream Apt. 573, Port Christopherbury, VT 25347"
339,Terri Evans,chelseamoore@example.net,"45474 Ward Meadows, North Robertland, KS 56739"
340,Gary Byrd,acline@example.org,"9989 Yvette Glens Suite 336, Jesseberg, OK 10568"
341,Michael Spencer,anthonydickerson@example.com,"482 Johnson Valleys Suite 323, Davidside, MD 89668"
342,Kristen Chandler,austin95@example.net,"2060 Kathryn Skyway, Blakeview, AK 86604"
343,Bethany Hernandez,candace74@example.org,"43894 Jackson Track Suite 604, Port Richardborough, ID 77713"
344,Michael Byrd,sheamichael@example.org,"043 James Valley Apt. 782, New Tiffany, ND 83243"
345,Jeffrey Alexander,paulboyd@example.com,"031 Cunningham Plains, North Ronaldhaven, LA 04536"
346,Christopher Miller,jennifer51@example.org,"9111 Michael Parkway, Jenniferfort, MD 97842"
347,Wendy Parks,hillrandall@example.com,"515 Kelly Views Suite 333, North Michael, GU 72989"
348,Nicole Escobar,barnessandra@example.org,"PSC 9153, Box 0569, APO AA 29530"
349,Amanda King,charlessmith@example.org,"775 George Circle Apt. 567, Tammyberg, MA 58181"
350,James Ball,jocelynadams@example.org,"53625 Smith Estate Apt. 224, Bushland, AS 45900"
351,Teresa Bowers,aburgess@example.com,"09461 Tammy Vista, Stewartborough, AK 96686"
352,Alicia Wells,scottpatricia@example.org,"387 Petersen Haven, Lopezview, MA 46746"
353,Jeffrey Martinez,cassandra44@example.net,"USNS Benson, FPO AE 84655"
354,Maria Myers,markmolina@example.org,"44395 Nathaniel Path Suite 959, Lisaberg, AZ 20761"
355,Jon Chandler,robertslauren@example.com,"023 Jackson Pike, Robertmouth, MN 44548"
356,Brett Reyes,sharon66@example.net,"3911 Michael Track Apt. 456, Jonesfurt, WV 24564"
357,Michelle Pope,christine30@example.net,"0746 Rowe Expressway Apt. 265, East Bobby, PW 13665"
358,Thomas Robertson,shelbynewman@example.com,"491 Andrea Orchard, Brendaside, WA 11590"
359,Sara Lowe,norrisjames@example.org,"5718 Christopher Forest, Lake Joseph, MO 12042"
360,Robert Murphy,mary81@example.org,"83838 Alan Junctions, West Roberttown, MA 99207"
361,Mike Watts,richardskinner@example.com,"42400 Kim Pike, Garnerberg, MS 51844"
362,Heidi Lopez,eschneider@example.com,"823 Johnson Alley Suite 340, South Amandaview, AS 07976"
363,Jessica Villa,sheri35@example.net,"76446 Melissa Underpass Suite 131, Oliverburgh, PA 68161"
364,Walter Knox,christophermay@example.net,"42805 Thomas Junctions Apt. 312, Elizabethtown, IA 20801"
365,Douglas Garza,wilcoxkyle@example.net,"2485 Mary Spur, South Stephanie, VI 93044"
366,Bruce Weaver,vegajonathan@example.org,"859 Marshall Mill, Danielville, FL 34246"
367,Robert Watson,gmccoy@example.org,"07280 Hudson Parks Suite 613, New George, FM 57243"
368,Veronica Hoffman,rhines@example.org,"0413 Alexander Forks, Jenniferstad, HI 01736"
369,Ashley Kennedy,spetersen@example.org,"8038 George Squares Apt. 903, Port Tracy, NH 84193"
370,Rebecca White,zgilmore@example.com,"704 Diana Island Apt. 514, Carlfort, TN 05908"
371,Sarah Hester,jennifer16@example.net,"3633 Mckenzie Shores Apt. 795, Melissafurt, AR 45236"
372,William Buchanan,robertsnyder@example.org,"64609 Maxwell Track Apt. 356, Jamesberg, AS 68678"
373,Kyle Rodriguez,lmora@example.net,"1901 John Meadows Apt. 899, Pricetown, ID 26814"
374,Miranda Hodges DVM,craigpineda@example.net,"944 Danielle Freeway, Newmanberg, KY 67983"
375,Gary Jackson,rangeljoseph@example.com,"641 Reed Crest Suite 269, Port Adam, WV 13769"
376,Dana Ramsey,donald94@example.net,"18522 Henderson Manor Suite 210, Maryside, VA 90325"
377,Kerry Gentry,pterry@example.com,"0427 Meghan Union Apt. 825, Cooperborough, PR 30667"
378,Mr. Mark Fisher,paul40@example.net,"6808 Poole Rest Apt. 691, South Katelynfurt, MS 96086"
379,Benjamin Davis,james16@example.net,"82230 Travis Landing Apt. 116, Bullockview, WA 52392"
380,Jessica Duran,angela33@example.com,"858 Kristina Station Suite 351, Jessicaside, CA 97552"
381,Shirley Cunningham,andrew68@example.com,"9035 Jacob Mountains, West Jacobside, GU 54520"
382,Pamela Ford,aprilgill@example.com,"USS Patel, FPO AP 40045"
383,Susan Wood,zflores@example.org,"787 John Mission, Sarahburgh, NC 41951"
384,John Lloyd,moralesheather@example.net,"822 Lindsay Mews Suite 387, West Chris, MI 87070"
385,Lisa Roberts,christina31@example.org,"659 Joyce Terrace Apt. 054, Port Maryview, OR 73771"
386,Benjamin Kaufman,thomas33@example.org,"PSC 9984, Box 8244, APO AA 14313"
387,Cynthia Foster,tyler19@example.com,"Unit 6310 Box 1378, DPO AP 31936"
388,Bruce Chavez,scottford@example.org,"1492 Jones Parkways Apt. 272, Jameschester, UT 91146"
389,Eric Villanueva,bhall@example.net,"42842 Patricia Trace, Lake Jacobland, DE 53249"
390,Benjamin Horn,nbarrett@example.net,"Unit 9141 Box 6613, DPO AA 22588"
391,Sonia Wilson,danielleneal@example.org,"59378 Obrien Garden, Port Daniel, KS 24731"
392,Wendy Sanchez,hendrixeric@example.org,"02790 Kevin Mews Apt. 418, Port Cynthiafort, OK 11830"
393,Brandon Butler,zallen@example.com,"465 Sullivan Gateway Suite 967, Lake Jamestown, GU 00727"
394,David Vargas,kristy62@example.com,"511 Michelle Fall, Paulborough, NH 60724"
395,Brenda Ramirez,jeff23@example.org,"09955 Edwards Street, West Annaton, MH 79161"
396,Audrey Herrera,hudsonjuan@example.org,"3946 Mary Courts Suite 708, Claytonville, OR 18854"
397,Stephen Johns,qanderson@example.org,"61016 Sullivan Extensions Suite 624, Morganburgh, WI 34095"
398,Kathryn Sanchez,jamesberry@example.net,"76285 Zachary Key Apt. 043, North Lynn, WI 18290"
399,Amy Barnes,sfarrell@example.org,"Unit 9065 Box 2933, DPO AP 05231"
400,Chelsea Mcpherson,virginiamiller@example.com,"678 Torres Station, Barberton, MT 16839"
401,Elaine Friedman,john51@example.org,"2420 Kelly Wells Apt. 877, North Michael, MN 63470"
402,Daniel Carey,mckenzieandrew@example.net,"Unit 2506 Box 4333, DPO AA 50973"
403,Samantha Hardy,kevinanderson@example.org,"6358 Schroeder Way, Danielbury, CA 17314"
404,Michelle Green,foxroy@example.net,"Unit 1690 Box 6904, DPO AE 65317"
405,Kenneth Fox,andrea62@example.net,"65650 Graves Way, East Jamesberg, VA 33711"
406,Natalie Walker,josephdunlap@example.net,"01894 Maria Mountains Apt. 579, New Lori, IN 76079"
407,Alexandra Richmond DDS,owheeler@example.net,"232 Taylor Mount, Mccormickhaven, AL 38501"
408,Shaun Wong,ftorres@example.com,"1091 Kyle Via Suite 536, East Jeannemouth, VA 61937"
409,Stacey Ho,wendy37@example.net,"Unit 9884 Box 2009, DPO AA 53248"
410,Rebecca Smith,joelneal@example.net,"29430 Dixon Brook Suite 586, New Robert, SD 57946"
411,Gregory Cabrera,ijohnson@example.net,"PSC 8770, Box 9243, APO AP 96494"
412,Teresa Sandoval,calvin18@example.com,"44601 Jonathan Extensions Apt. 811, Walkerburgh, AZ 10766"
413,Christy Anderson,youngjudy@example.net,"8659 Fuller Station, Janetville, NV 98430"
414,Amy Mccormick,erin30@example.org,"7947 Anthony Island, Kelseyfurt, MP 86145"
415,Sarah Hubbard,pattersonjohn@example.net,"03930 Mark Pine, Patrickfurt, KS 18613"
416,Karen Elliott,elizabeth19@example.com,"08626 Clark Grove, New Michael, NM 95696"
417,Jennifer Hines,zharvey@example.com,"PSC 6078, Box 6751, APO AP 16189"
418,Jasmine Griffith,ycraig@example.net,"43612 Laura Branch, East Wendyfort, ND 57078"
419,Alexander Hall,allisonbradley@example.net,"517 Teresa Shoals Apt. 844, North Rodney, HI 15286"
420,Jamie Daniel,griffinrandy@example.com,"1266 Prince Locks Apt. 188, East Scott, MO 24912"
421,Stephen Christensen,legail@example.net,"PSC 5317, Box 8827, APO AE 83202"
422,Linda Baker,ninadawson@example.net,"91408 Stacy Burg, West Edwinton, AS 74312"
423,Brooke Bond,qwilson@example.net,"885 Estrada Cliffs, Colleenstad, RI 33548"
424,Matthew Sanchez,stacy06@example.net,"6307 Wolfe Meadows, Rosshaven, PA 26856"
425,David Welch,johnrosales@example.org,"138 Lucas Lodge Suite 366, Saundersbury, OR 39018"
426,Samantha Bird,wayne01@example.net,"64778 Michael Haven Suite 363, Johnbury, GU 54232"
427,Derek Boyd,ncook@example.net,"273 Lee Avenue, West Anne, AR 82619"
428,Jessica Baird,david04@example.com,"81809 Austin Court Suite 919, North Michaelburgh, AZ 96695"
429,Nathan Pearson,joseph37@example.com,"5837 Matthew Village, Lake Ryanshire, ID 41690"
430,James Andrade,angela28@example.org,"532 Crane Lane Suite 073, Clarkstad, DC 34684"
431,Elijah King,fmarshall@example.net,"9575 Robert Park Suite 177, Caintown, VI 63440"
432,Alyssa Wagner,courtneyhuffman@example.org,"1806 Griffith Tunnel, West Charles, MH 34930"
433,Michelle Miller,stevensdavid@example.net,"2668 Christopher Junction Apt. 778, Katherineberg, NM 84932"
434,Christine Wallace,patelmichael@example.net,"9378 Hall Brooks, South Brenda, ID 72806"
435,Michael Chapman,hayesdenise@example.com,"459 Malone Pike Apt. 379, Melanieland, UT 08518"
436,Mary Clay,thomasdaryl@example.net,"26226 Bryan Square, East Kendra, OH 16372"
437,Eddie Butler,pguerrero@example.org,"3804 Jordan Orchard, North Antonioside, OH 63549"
438,Dr. Susan Wang,kenneth36@example.net,"6780 Rodriguez Valley, Rodneyborough, NV 20074"
439,Mario Juarez,cynthia32@example.org,"138 Gomez Mills Suite 822, Matthewfurt, MA 71345"
440,Kristina Sanford,charleslin@example.net,"5676 Robert Forest, North Claudia, UT 71215"
441,Ashley Wilson,barbara67@example.org,"PSC 5738, Box 1313, APO AP 74697"
442,Jodi Burgess,vsmith@example.com,"19482 Karen Lodge Apt. 682, North Thomasborough, MN 77429"
443,Cynthia Howard,vbarnes@example.org,"9033 Anne Glen Apt. 060, Joseshire, TX 57685"
444,Marie Hernandez,valdezdiane@example.net,"48971 Michael Rue Suite 235, Adamsmouth, WI 07284"
445,Stacy Miller,davidgarza@example.com,"5119 Christopher Park, East Gregory, NC 18179"
446,Mark Woods,brenda98@example.net,"3585 Osborne Bypass, Danielborough, OR 05004"
447,Micheal Olson,edwardsmatthew@example.com,"4887 Howard Flats, East Andrew, IA 90451"
448,Nicholas Case,scottwilson@example.com,"474 Wendy Mountains Apt. 124, Port Victor, MT 89478"
449,Joe Brown,michaelsmith@example.com,"846 Jason Harbors Apt. 562, Kimside, AS 71337"
450,Brooke Santana,bretthensley@example.net,"5332 Koch Forks, Marybury, IN 81465"
451,Stephanie Quinn,angelaharrison@example.org,"54754 Kennedy Parkways Apt. 300, Elizabethton, AL 11496"
452,Nicole Chandler,carrie13@example.org,"1081 Park Rue Apt. 136, Port David, WY 79503"
453,Alice Johnson,william75@example.org,"222 Dennis Village Suite 393, Shawnview, MH 34065"
454,Mario Fox,sanchezcassandra@example.com,"6353 Humphrey Hollow, Sancheztown, PW 95550"
455,Richard Wilkins,williamsanna@example.net,"USCGC Barton, FPO AE 19923"
456,Cindy Peters,crichardson@example.net,"6069 Richard Bypass, South Robertmouth, UT 66646"
457,Angelica Stokes,eric63@example.com,"0603 Brianna Ports Apt. 668, Port Michealchester, CT 43477"
458,Jesus Patel,curtis23@example.net,"894 Vang Estate, North Derrickborough, HI 38959"
459,Sheila Salazar,tammycampbell@example.org,"PSC 2961, Box 6150, APO AA 82111"
460,John Johnston,ryan77@example.com,"794 Stout Park Apt. 405, Clarkborough, ME 01495"
461,Mason Wilkins,cynthia04@example.net,"40459 Williams Landing Suite 881, Port Mary, WA 14536"
462,Dorothy Durham,karlastewart@example.org,"PSC 1582, Box 5616, APO AE 94191"
463,Brian English,nancy61@example.com,"3703 Elliott Ville, Susanview, GA 38334"
464,Brian Myers,jacquelinesparks@example.org,"6996 Sarah Forges Apt. 441, West Cynthia, OR 33938"
465,Kathleen Schmitt,rschmidt@example.org,"55610 James Extension Apt. 956, Briannaview, SD 91342"
466,Kathryn Smith,michelleballard@example.net,"Unit 2055 Box 2482, DPO AP 86531"
467,Brandy Warner,ujackson@example.net,"8025 Dyer Cliffs Suite 437, Dustinhaven, RI 61372"
468,Samantha George,jeffreypalmer@example.net,"USNS Baker, FPO AE 74302"
469,Virginia Logan,dfrancis@example.org,"3338 Owen Isle, Port Amyton, MP 32886"
470,Amy West,kennethdominguez@example.org,"USCGC Stafford, FPO AP 39094"
471,Kenneth Hughes,daviskevin@example.com,"557 Shawn Mission Apt. 873, Valentineview, OK 09208"
472,Cynthia Sanchez,lisameza@example.org,"538 Christopher Street Apt. 556, Port Brandonport, ID 19844"
473,Janet Tucker,lauren47@example.org,"2006 Anderson Station Apt. 504, Thomasberg, ME 12945"
474,Christopher Byrd,ygonzalez@example.com,"886 Jason Vista Apt. 594, Port Ericaview, NC 37939"
475,Jocelyn Roy,danielortiz@example.org,"319 Michael Fords, South Christopher, CA 33899"
476,Caitlin Hampton,collierabigail@example.net,"23599 Jennifer Squares Apt. 835, East Troyland, NY 48986"
477,Matthew Thomas,nancy00@example.com,"90352 Harris Divide Suite 632, Anthonymouth, MP 65584"
478,Julian Reed,melissacurtis@example.org,"376 Fisher Inlet Suite 056, Marioberg, CO 89746"
479,Ryan Boyer,myersdavid@example.net,"5017 Miller Island Apt. 342, Evansville, WA 91553"
480,Morgan Sandoval,acampbell@example.net,"08327 Eric Circles Suite 669, Port Olivia, AL 74522"
481,Elizabeth Robertson,dortiz@example.com,"13482 Theresa Stream Apt. 925, South Gina, KY 91149"
482,Barry Torres,martinian@example.org,"39575 Anderson Station Suite 229, Angelaton, CO 10088"
483,Alexa Allen,charles51@example.net,"791 Heather Rue, East Jose, ME 87430"
484,Edwin Torres,lambernard@example.com,"8337 Bray Mall Apt. 862, Kathyport, MP 14576"
485,Alexis Torres,juliahenson@example.org,"2642 Michelle Via Suite 569, Normanland, AS 69134"
486,Kristy Cross,michaelmoore@example.net,"950 Adams Station Suite 495, North Amy, CA 79067"
487,Pamela Ewing,ipatrick@example.org,"091 Andrew Stravenue Suite 649, Lindseyland, TN 60860"
488,Benjamin Davis,dmiller@example.com,"USNS Reid, FPO AE 70573"
489,Jennifer Banks,emily28@example.com,"8052 Roberts Corner Suite 410, Lake Margaret, ME 25891"
490,Shawn Villa,nicholas30@example.org,"31349 Castro Hills, Andreaside, GA 39295"
491,Joseph Lewis,ysanders@example.net,"08477 Williams Dam, Amyberg, SD 66479"
492,Christina Carter,justin47@example.org,"2191 Hall Port Apt. 328, Danielmouth, WI 87873"
493,Kelly Baker,bpatel@example.org,"9265 Robert Mount Suite 633, North Miguelshire, NM 85760"
494,Anthony Jackson,lparker@example.net,"1362 Howard Glen, West Tommyton, MS 35433"
495,Dana Ramirez,alyssa91@example.com,"47696 Jennifer Flats, Millershire, DE 97135"
496,Martin Reynolds,hooperbrenda@example.net,"Unit 0862 Box 2910, DPO AP 04615"
497,John Olson DDS,ericsimmons@example.net,"PSC 0221, Box 3945, APO AA 96912"
498,Megan Woodard,russellandrea@example.com,"68710 Kimberly Stravenue, Lake Katrina, VI 35715"
499,William Molina,jodidean@example.net,"568 James Drive Suite 527, Katherineburgh, ND 71625"
500,Sharon Kennedy,nguyenmichelle@example.com,"259 Jonathan Junction, Leeside, MP 87106"
501,Donald Thomas,davidnewman@example.com,"Unit 5199 Box 1217, DPO AA 42628"
502,Victoria Powers,walvarez@example.com,"6671 Chapman Flats, Port Karen, MI 44874"
503,Henry Ramos,eflores@example.org,"21742 Angela Station Apt. 670, Jacobbury, GU 29593"
504,Nathaniel Page,jgonzalez@example.org,"130 Becker Views, Webbmouth, PW 73003"
505,Ryan Fischer,clarkcrystal@example.org,"1682 Lindsey Curve Suite 559, North Rachelside, NJ 03952"
506,Samantha Ramsey,villarrealjacqueline@example.org,"97618 Adams Bridge, Ronaldberg, CT 16992"
507,Angela Carter,ybeasley@example.com,"8820 Stacy Plains, Byrdmouth, HI 64265"
508,Victoria Harris,robertsimpson@example.net,"359 Michael Streets, Holmesmouth, WV 08410"
509,Linda Kaufman,kathryndeleon@example.net,"25827 Colleen Avenue Suite 832, Robinsonville, VT 80291"
510,Jessica Lane,eric56@example.net,"46642 April Summit, North Christina, WV 90788"
511,Garrett Lee,taylorchristine@example.net,"PSC 5386, Box 2328, APO AA 08493"
512,Shannon Ball,andrewboone@example.com,"0526 Walker Ramp, Torrestown, SD 43531"
513,Sophia Davis,ryanbrooks@example.org,"285 Harris Meadows Apt. 949, South Patty, MD 82134"
514,Derek Werner,joshuawang@example.org,"7847 Roberts Estate, Port Kevin, CT 64148"
515,Denise Carlson,devon97@example.com,"87109 Olivia Gardens, West Reginastad, MH 05345"
516,Gabriela Fisher,samuelball@example.org,"92879 David Harbor Suite 992, West Sherry, KS 17777"
517,Valerie Guzman,bradley49@example.net,"9975 Vincent Viaduct Suite 365, East Stephenhaven, WA 95129"
518,David Fisher,evanskyle@example.com,"39144 Steven Curve, Richardtown, UT 26376"
519,Pamela Lyons,jordan55@example.org,"99583 Eric Loaf Apt. 222, New Catherinemouth, AL 45487"
520,Elizabeth Walker,cgreen@example.org,"0181 Andrea Harbor Suite 694, Grahamburgh, OR 15396"
521,Linda Huff,pamelamcmillan@example.net,"8647 Austin Hill, Amandatown, ID 16833"
522,Amber Brown,careyjeffrey@example.org,"560 Kenneth Lane Suite 947, Lake Donnabury, AL 25345"
523,Laura Glass,freemanlinda@example.org,"USCGC Nelson, FPO AA 88122"
524,James Taylor,james25@example.org,"077 Parks Lakes, Ericburgh, NM 21474"
525,Karen Merritt,brian21@example.com,"Unit 7961 Box 9249, DPO AA 91417"
526,Robert Johnston,lucaskristin@example.org,"42242 Dennis Tunnel Suite 909, Michaelton, WY 60283"
527,Michael Higgins,michelledavis@example.org,"227 Rebecca Unions, Lake Shannon, VT 04789"
528,Gina Brown,tbruce@example.com,"40761 Laura Passage Apt. 279, Ginaville, OH 20735"
529,Shannon Peck MD,pwhite@example.com,"59903 Miguel Burgs, Chambersport, OH 68009"
530,Anna Price,harrisonalexa@example.com,"812 Lauren Crest, Blakefurt, WY 76438"
531,Elizabeth Tran,ericcastillo@example.com,"611 Richardson Walk, Mikebury, MP 84491"
532,Alejandra Watts,smorris@example.net,"2210 Kramer Locks, North Sandra, AS 20941"
533,Kimberly Gordon,smiller@example.net,"4247 Dunn Stravenue, Bethville, NM 85676"
534,Brittany Taylor,aaron83@example.net,"14713 Wilson Drive, Turnerhaven, MP 40997"
535,Beth Dunn PhD,mcconnellkimberly@example.net,"44009 Weiss Junction Suite 694, Kevinfort, ID 85509"
536,John Mcintyre,paigefletcher@example.org,"5258 Brown Lock Apt. 247, Hintonhaven, KY 62887"
537,Robert Rodriguez,john60@example.org,"073 Victoria Key Suite 337, Fischerton, FL 71032"
538,Brett Carpenter,mauricegreen@example.net,"255 Hernandez Crossing Suite 352, Chapmanfurt, NH 99422"
539,David Miller,crystal63@example.net,"423 Wright Streets, North Angela, PR 59058"
540,Brian Martinez,gwalker@example.com,"Unit 9431 Box 9519, DPO AE 97643"
541,Tricia Schneider,donvaldez@example.org,"29875 Tommy Spurs, New Shannonmouth, NC 23664"
542,Nicole Williams,tbrooks@example.net,"2329 Delgado Corner Apt. 740, North Theresaview, WV 24644"
543,James Williams,lauren60@example.org,"434 Brandon Mountain, East Sandrafort, AS 91956"
544,David Howard,teresa32@example.net,"1467 Robert Ridge, Ryanstad, IN 45043"
545,Travis Walker,mlewis@example.org,"Unit 7351 Box 0584, DPO AA 52059"
546,Antonio Banks,nataliewright@example.org,"05763 Rogers Lodge Apt. 420, West Ryan, NV 75670"
547,Mark Alvarez,epatel@example.net,"1029 Garcia Mill, New Mistyfurt, MS 62416"
548,Roberto Kelley,xmcneil@example.org,"18848 Melissa Village Suite 022, Richardberg, MO 64636"
549,Danielle Kelley,sarah46@example.net,"411 Mendoza Mount Apt. 988, Fredbury, CA 04619"
550,Bradley Williams,lawsoncasey@example.net,"117 Mills Circle, Darinton, WA 20426"
551,William Walters,julia50@example.com,"48226 Vasquez Route, Charlesbury, DE 99633"
552,Makayla Johnson,vfoster@example.org,"57638 Guerrero Springs, Lopezchester, IN 43662"
553,Tracy Perez,kerickson@example.org,"6331 Veronica Ford, Lake Allison, OK 41445"
554,Mike Ramirez,jose53@example.org,"Unit 7236 Box 3235, DPO AA 74248"
555,Shirley Jenkins,bryantsusan@example.net,"69055 Courtney Fork, North Veronicatown, KS 30488"
556,Madison Marquez,erika16@example.com,"8130 Jason Mountain, North Ericborough, FM 58065"
557,Francisco Garza,reynoldsjoseph@example.org,"5559 Orozco Well, South Austinhaven, MA 86596"
558,Leslie Tran,leah13@example.net,"426 Gill Extensions Apt. 179, Reyesside, NC 20163"
559,Stephanie Rice,biancadavis@example.org,"8133 Reynolds Divide, Hernandezhaven, UT 53143"
560,Douglas Murray,yandrade@example.net,"USS Bullock, FPO AA 12172"
561,Luke Lewis,iandavis@example.com,"4692 Gibson Trail, Ianton, PW 20500"
562,Ebony Bradley,zachary35@example.org,"20787 Brandon Meadows, Alvaradoborough, SC 77242"
563,David Lee,lyonsbrent@example.org,"736 Nicholas Common, West Laura, AL 93478"
564,Andrea Phillips,jennifer61@example.net,"93798 Randy Way Apt. 975, South Jeremyburgh, SC 80094"
565,Pamela Herrera,mbarnes@example.net,"USNV Rodriguez, FPO AP 44232"
566,Robert Harris,joegonzalez@example.com,"12839 Kelly Trail Apt. 003, Heatherborough, IL 34409"
567,Aaron Robinson,cortezkatie@example.org,"812 Traci Terrace, New Brandon, OR 53306"
568,Kristen Brown,vscott@example.org,"7652 Williams Walk Suite 367, Kleinburgh, AK 88621"
569,Thomas Riley,jacquelinethompson@example.com,"41057 Lindsey Union, Ashleyborough, MO 67413"
570,Ruben Cruz,kathleencarter@example.com,"69796 Ho Haven Apt. 366, Leeshire, LA 19281"
571,Tara Blanchard,simpsontonya@example.com,"USS Smith, FPO AP 74651"
572,Charles Allen,zwalton@example.com,"986 Ferrell Route Apt. 939, Ginaside, NM 23961"
573,Kimberly Ward,gbarton@example.net,"6266 Christine Point, Samanthashire, NJ 01939"
574,James Davies,hchristensen@example.net,"392 Thomas Spring Suite 269, Jenniferchester, UT 85195"
575,Anita Meyer,morgan10@example.net,"352 Travis Branch, Keithton, DC 56555"
576,Richard Price,sean89@example.org,"46136 Rose Streets Apt. 108, West Arielfurt, LA 74403"
577,Victoria Spencer,debra18@example.org,"895 Jones Glens, Richardland, MO 84270"
578,Jacob Wells,patricia31@example.com,"573 Wiggins Station Suite 563, Jamesside, ND 16399"
579,Kelsey Rodriguez,stephen65@example.net,"007 Lisa Plain, Lake Thomastown, RI 22762"
580,Jeffrey Taylor,vbradford@example.org,"136 Nathan Gateway, Michelleside, NH 88593"
581,Andrew Richardson,mckenziehenderson@example.org,"25112 Crystal Turnpike Apt. 054, Sancheztown, MA 47194"
582,Christopher King,trevor80@example.net,"433 Campbell Inlet Suite 635, North Michael, TX 25948"
583,Mary Carter,xanderson@example.org,"686 Melissa Springs Suite 497, Mariaside, OK 43558"
584,Anthony Baird,samuelbray@example.com,"716 Katelyn Plain, Lindseybury, CA 50701"
585,Mark Smith,teresasnow@example.com,"820 Ray Meadows, Jessicahaven, NY 48437"
586,James Harmon,johncabrera@example.org,"7330 Hubbard Knolls, Kathrynshire, MO 45902"
587,Teresa Nielsen,myersjoe@example.net,"USS Walters, FPO AA 82239"
588,Antonio King,petersonjeffrey@example.com,"8026 Watson Road, Jenniferbury, ND 53753"
589,Maureen Guerra,petersontanya@example.org,"690 Shelly Coves Apt. 836, Duncanberg, NC 42888"
590,Charles James,shannonmartinez@example.org,"92707 Katrina Shores, Michelleview, NY 65642"
591,Krystal Mckenzie,brett49@example.com,"74281 Gibson Rest Apt. 461, West Kelly, NE 22331"
592,Crystal Martinez,gregoryhickman@example.org,"16048 Smith Grove, Debrashire, WI 78962"
593,Frederick Cunningham,michaelsingh@example.net,"883 Mark Isle Apt. 344, Port Loganchester, TX 61828"
594,David Mccoy,meganmoon@example.org,"838 Edward Island, Collinsville, VA 88065"
595,Ian Johnson,charles67@example.com,"2047 Brenda Isle, New Jason, DC 30796"
596,David Delacruz,shelly13@example.net,"74909 Woods Street, Kimberlyton, VT 55640"
597,Robert Lowe,andrewsbruce@example.org,"4375 Mendez Crescent Suite 708, Kirkland, IN 70497"
598,Brandon Brady,gvincent@example.org,"90566 Haynes Ferry Apt. 845, Hardyside, DC 72795"
599,Eileen Young,jennifer32@example.org,"50449 Larsen Gardens Suite 202, New Jerryland, MI 07888"
600,Elizabeth Zuniga,omorales@example.net,"001 Hines Via Apt. 418, East Ronaldmouth, PW 82723"
601,Julie Booth,chad98@example.net,"12521 Edward Divide, South Sethstad, VI 23140"
602,Timothy Carney,michael63@example.com,"Unit 9716 Box 2280, DPO AP 70109"
603,Stephanie Scott,jessicabarrera@example.com,"47462 Matthew Point Suite 759, Carrollburgh, AS 00723"
604,Laurie Cox,afitzgerald@example.org,"USS Bruce, FPO AE 60308"
605,Annette Pittman,laura34@example.com,"20429 Michael Crest Apt. 653, East Jeanette, MA 08201"
606,Samuel Romero,bhansen@example.net,"800 Soto Shoal, Williamsfurt, UT 93291"
607,Alexandra Brown,jasonbutler@example.net,"183 Chad Point Apt. 134, Simmonschester, PR 94896"
608,Matthew Brown,danielspencer@example.net,"4516 Joy View Apt. 205, New Kaylee, NE 54140"
609,Danny Reeves,mnielsen@example.org,"409 Fletcher Islands, Dillonport, ID 78440"
610,Antonio Smith,lindsay42@example.com,"3515 Brianna Stravenue, South Johnmouth, VT 56003"
611,Jennifer Long,nbell@example.com,"675 Denise Club Suite 618, Vegaview, KS 87098"
612,Walter Lam,groberts@example.net,"17097 Holly Union, Damonland, MH 07067"
613,Deanna Richardson,rachelchaney@example.com,"0443 Jessica Keys Apt. 444, Katiehaven, GA 07563"
614,Cassandra Moore,xsanford@example.org,"03372 Amy Skyway Suite 592, South Tanya, NE 01293"
615,Jennifer Wilson,fclark@example.com,"31065 Jeffrey Lake, New Heidi, WV 33600"
616,Anthony Reyes,dfarmer@example.net,"40835 Andrea Passage Apt. 096, Blackton, MT 72832"
617,Scott Oliver,tina00@example.org,"453 Brooks Creek, North Josephview, KS 42706"
618,Timothy Romero,sarahhess@example.net,"647 Henderson Inlet, Baileyside, LA 38515"
619,Zachary Proctor,aliciahill@example.com,"268 Lewis Villages, West Lori, UT 79827"
620,Taylor Ware,hannah82@example.net,"8180 Jordan Mountains Suite 443, West Randy, NH 58814"
621,Patrick Smith,devin33@example.com,"061 Robinson Station, West Rachelton, HI 89627"
622,Rachel Wilson,danielsims@example.net,"901 Bell Well, Lanebury, MP 21994"
623,Emily Cruz,crystal31@example.org,"84775 Scott Creek, Smithberg, NC 33912"
624,Christina Wise,sherri09@example.org,"28810 Michael Radial Apt. 954, South Michael, NJ 64685"
625,Natasha Castillo,gregory53@example.net,"480 Jonathan Gateway Apt. 096, Teresashire, HI 96521"
626,Natalie Perry,itran@example.com,"99901 Paige Pass Suite 692, North Robert, PR 11722"
627,Amber Atkinson DVM,emiller@example.org,"40573 Williams Loaf Suite 949, Caseyland, SC 22814"
628,Stephen Robinson,esanders@example.com,"705 Saunders Meadow Suite 539, West Karenmouth, WV 06676"
629,Zachary Baker,travis72@example.org,"6950 Johnson Greens Apt. 319, Courtneyland, NE 88994"
630,Charles Andrews,craig02@example.org,"86664 Howard Circle, North Samuelborough, OH 70701"
631,Connie Mann,timothy04@example.org,"8724 Madison Valleys Suite 082, Port Lee, UT 33560"
632,Autumn Hahn,warnerantonio@example.net,"801 Kirby Forest, Jeffreyfurt, AK 66923"
633,Tim Chavez,bethany72@example.org,"54288 Johnson Route Suite 421, Parkchester, HI 40160"
634,Vicki Garcia MD,michaeldominguez@example.net,"7457 Hawkins Mountains, North Frank, MP 68643"
635,Logan Barker,jeffery51@example.com,"77550 Patrick Village Apt. 942, Donaldmouth, TN 85372"
636,Elijah Cooper,qyates@example.net,"128 Thomas Parks, West Kristaborough, TN 28478"
637,Janice Lee,brooksrobert@example.org,"7156 Wilson Track, Jacksonchester, OK 23727"
638,Jeremy Walton,fcarson@example.net,"54504 Stewart Shore, Tuckerberg, NV 26485"
639,Dr. Cathy Mueller PhD,julie49@example.com,"81187 Foster Knoll, Stephanieberg, FL 26284"
640,Larry Chung,alexisgriffin@example.net,"9489 Perez Squares, North Michael, NV 91226"
641,Emily Randolph,diane95@example.net,"72229 Alicia Avenue Apt. 904, Jesusstad, OR 51205"
642,Jacqueline Mcintyre,mike50@example.org,"250 Timothy Inlet, Elliotthaven, ND 99078"
643,Sarah Cook,garciadonald@example.net,"PSC 1562, Box 0611, APO AP 06587"
644,Mary Morales,russellbriana@example.org,"3111 Edwards River Suite 485, Savagefurt, NM 55956"
645,Scott Cherry,paulchavez@example.com,"8273 Holt Stravenue, Washingtonmouth, VT 99796"
646,Jessica Parker,landrade@example.net,"2435 Gilbert Shores Suite 989, Jasonberg, SC 72490"
647,Richard Quinn,ediaz@example.net,"69290 Gloria Greens, Toddton, FL 98928"
648,Elizabeth Simmons,moralescynthia@example.net,"690 Richard Dam Suite 819, East Cheryl, TN 08033"
649,Robert Holt,ghickman@example.org,"624 Devin Tunnel Suite 225, Alvaradochester, MP 56383"
650,Joshua Sparks,sthompson@example.com,"9229 Tanya Mountains Suite 564, South Joshua, IN 96499"
651,Cindy White,colealison@example.com,"397 Carr Manors, Lake Jamesbury, AS 04751"
652,Nathan Lewis,nyoung@example.org,"2480 Garcia Mount, Flemingburgh, AL 30095"
653,Kathleen Martinez,meghanmarquez@example.org,"4683 Morris Trafficway, New Tracymouth, DC 37985"
654,Sherri Cox,ashley76@example.net,"23635 Bell Freeway Suite 146, Drakeberg, AZ 61711"
655,Benjamin Roberts,dsmith@example.org,"982 Toni Manors, Lake Wendymouth, CO 11937"
656,Adam Gonzalez,joshua79@example.org,"71982 Ryan Passage Suite 049, East Williamside, RI 77366"
657,Cathy Arnold,tammy78@example.org,"884 Jessica Circles, Barnetttown, MN 44852"
658,Jermaine Rojas,robertcarpenter@example.net,"68080 White Parkways, Martinton, CO 99764"
659,Andrea Allen,jnewman@example.com,"4941 Arnold Springs, North Ashleyborough, DE 45937"
660,Julie Beard,jfrederick@example.org,"87322 Davis Inlet Suite 434, Andersonfort, DE 19873"
661,Lisa Gonzales,tiffanywebb@example.net,"09964 Stanley Junctions Apt. 930, South Victoria, MD 61715"
662,Robert Norton,dennisdaniel@example.net,"46977 Morales Vista Apt. 994, Port Gabriellatown, TN 57400"
663,Jonathan Henderson,william48@example.org,"0131 Jeffrey Track Suite 970, West Joel, CA 39127"
664,Mark Spears,rramirez@example.com,"0076 Ashley Trail, Newtonland, AL 66253"
665,Jenna Welch,laurenpowell@example.net,"5412 Hayes Grove, North Sarahland, MS 66245"
666,Kimberly Proctor,daniel38@example.org,"226 White View Suite 036, Snowport, CO 16789"
667,Melissa Robinson,jessica33@example.org,"USCGC Pierce, FPO AP 08263"
668,Christopher Bradley,ibenson@example.org,"3875 Erica Vista Apt. 567, Ariasview, WI 16844"
669,Terry Francis,pshea@example.net,"PSC 7352, Box 8712, APO AA 22830"
670,Timothy Williams,qrasmussen@example.net,"24163 Yates Stravenue, West Andreashire, IN 16994"
671,Anthony Davis,spencer38@example.net,"65373 Franklin Loop, Joshuabury, DC 33987"
672,Molly Johnson,ohull@example.net,"359 Kevin Rapid, Sawyermouth, MA 71960"
673,Jack Krueger,riggsshelley@example.com,"USCGC Soto, FPO AP 35630"
674,Barbara Walters,leahcampbell@example.org,"Unit 0981 Box 9958, DPO AE 58774"
675,Anthony Bell,andrew30@example.net,"857 Peterson Loop Suite 067, Jaredtown, CO 76001"
676,Jeffery Clark,richard33@example.org,"3275 Michael Park Apt. 142, Lake Georgeport, WY 49034"
677,Robert Peterson MD,lwilson@example.com,"241 Patricia Trail, Gibsonfurt, KS 83058"
678,Adriana Rodriguez,eugene72@example.net,"PSC 9116, Box 9726, APO AA 08780"
679,Tony Lozano,dayrachel@example.com,"543 Hayes Gardens Suite 357, West Shaun, NJ 38027"
680,Nathan Massey,deleonaaron@example.net,"344 Jacob Ville, South Michael, AZ 25468"
681,Ariel Delacruz,chanheidi@example.com,"05848 Marks Road Apt. 639, Port Sean, ND 13617"
682,Lisa Rodriguez,kylie03@example.org,"612 Lee Forges Apt. 016, Duanebury, VA 78489"
683,Brandon Blake,victormcconnell@example.com,"USS Williams, FPO AE 83319"
684,Kayla Marshall,jeremykelley@example.net,"5340 Debra Pass, Lake Nicholasstad, CO 23178"
685,Jennifer Good,lisawilliams@example.net,"15201 Arthur Courts Suite 216, East Tina, PW 46140"
686,Joseph Montgomery,ashley51@example.com,"330 Hill Ridges, Huberfurt, IN 05810"
687,Lisa Edwards,kaylee52@example.net,"62112 Martinez Via Suite 619, East Jill, NY 08907"
688,Suzanne Williams,candicesnyder@example.org,"54199 Green Junction Apt. 315, Barnesview, LA 91855"
689,Michelle Schwartz,hthompson@example.com,"PSC 3496, Box 8011, APO AP 33521"
690,Craig Rogers,jholmes@example.org,"338 Bowers Parkway, Port Danielburgh, OH 50699"
691,Melissa Wilson,diana33@example.net,"2857 Harris Lakes, Shawberg, NH 88041"
692,Jennifer Hampton,jameshess@example.com,"3037 Garrett Wall, East Amy, WA 63729"
693,Edwin Thomas,hebertjohn@example.net,"5232 Danielle Ford, Christophermouth, KY 92873"
694,Angela Ho,alexander59@example.com,"USCGC Wilson, FPO AP 84539"
695,Joseph Padilla,greennathan@example.com,"60618 Parker Crossroad, East Donaldmouth, DE 47936"
696,Bradley Cochran,zmacias@example.com,"722 Saunders Walk, Martinezport, RI 56634"
697,Sherri Miller,meganwood@example.org,"153 Kim Spurs Suite 551, Hernandezport, CO 88139"
698,Troy Cisneros,moranvictoria@example.com,"57273 Johnson Stravenue, South Amytown, NC 21622"
699,Jennifer Torres,andrewevans@example.org,"72189 Cheryl Plains Suite 118, Schmidthaven, NV 15957"
700,Anna Sullivan,maciaskathryn@example.net,"0603 Ford Village Apt. 028, Joshuaberg, PA 50700"
701,Jody Mcdaniel,blanchardrobert@example.com,"585 Jennifer Ford, Millermouth, NH 57497"
702,Jose Perez,cstephens@example.org,"Unit 7240 Box 3784, DPO AE 62265"
703,Lindsey Cox,rwheeler@example.net,"68590 Clark Spurs, Port Susan, NC 73749"
704,Vincent Fox,christopherramirez@example.com,"8424 Victor Curve, New Jerryburgh, TN 18023"
705,Bridget Perez,melanie35@example.org,"396 Alexander Brooks Apt. 368, Tonyastad, RI 36388"
706,Angel Smith,weberjerry@example.net,"9989 Debbie Estates, Mitchellfurt, VA 40417"
707,Anthony Casey,colleen35@example.net,"USNV Odonnell, FPO AA 62868"
708,Cody Schmidt,princemelissa@example.com,"6667 Jason Cliff, Craigside, WV 15264"
709,Timothy Rogers,amy84@example.net,"8803 Olson Lock, Briannabury, SD 14419"
710,Caitlyn Jackson,heatherharris@example.org,"087 Owens Plaza Suite 038, West Rodneyland, KS 32543"
711,Kim Hughes,joshua56@example.com,"899 Larry Lodge, Smithburgh, OK 76901"
712,Deborah Saunders,ricecindy@example.net,"609 Wagner Pike, New Jeffrey, PA 40199"
713,Antonio Davidson,jcruz@example.com,"5672 Cheryl Manor, West Angela, AZ 79466"
714,Jennifer Sosa,barbara79@example.org,"937 Yolanda Gateway Suite 747, Joshuaside, ME 40391"
715,James Brooks,rlam@example.com,"1234 Williams Throughway, Annaville, VA 03452"
716,Larry Bailey,fwilliams@example.net,"06256 Christian Shoals, East Joshuaview, MO 67480"
717,Derrick Gibson,jeffrey42@example.net,"4603 Manning Dale Suite 959, Port Crystal, HI 92078"
718,Lisa Nicholson,michael47@example.com,"88122 Kelsey Locks Suite 593, Robbinsberg, VI 25011"
719,Adam Johnson,gsmith@example.org,"56924 Coleman Burg, Ryanchester, TX 71932"
720,Cindy Macdonald,marissahale@example.com,"409 Joe Bridge, Port Benjaminchester, MS 15762"
721,Megan Bishop,ashleyjones@example.com,"56386 Vasquez Fords, North Jessicatown, PA 52671"
722,Jeffrey Beck,pateldesiree@example.org,"5711 Morrow Dam, New Brian, NJ 56563"
723,Heidi Brown,hardyricky@example.org,"493 Pierce Forges, Port Christopherstad, GA 62162"
724,Richard Zavala,derek35@example.org,"Unit 0261 Box 3363, DPO AP 43442"
725,James Shaw,coxmary@example.net,"70349 Elizabeth Ridge, Robinsonview, VT 24677"
726,Joseph Hobbs,oarmstrong@example.com,"611 Carly Port, Wuland, CO 01446"
727,Stephen Carlson,jaredbrewer@example.net,"2963 Figueroa Field Suite 857, Edgarstad, KS 35064"
728,Catherine Morris,catherine86@example.net,"7943 Roger Rest, Scottberg, RI 11620"
729,Gina Hull,melanie61@example.org,"681 Anderson Spur Suite 187, Rossberg, TX 02325"
730,Julie Richard,emorales@example.org,"177 Lawrence Mill, Brianfurt, FL 26712"
731,Jennifer Smith,owelch@example.com,"14050 Christopher Run, East Ryan, NY 39459"
732,Amy Harper,fdelgado@example.net,"4392 Gregory Rest, Jamiefort, PW 57339"
733,Michael Rivera,debbiewest@example.net,"243 Shirley Parks, West Garretthaven, MH 28319"
734,Trevor Howe,matthewmccarthy@example.com,"7795 Linda Walks Apt. 457, Jonathanborough, OH 79003"
735,Julie Buckley,usalas@example.net,"Unit 7168 Box 8675, DPO AE 22012"
736,Taylor Haynes,scottmichael@example.org,"184 Fuentes Inlet Suite 041, Gloverborough, KY 96280"
737,Lisa Klein,robertsonheather@example.org,"51334 May Club, Christopherstad, IA 80568"
738,Brian Arellano,rachel51@example.org,"Unit 3182 Box 4135, DPO AP 80135"
739,Paul Winters,kking@example.com,"8193 Massey Vista Suite 265, Gregoryton, CA 50427"
740,Crystal Navarro,toniwang@example.com,"73951 Lisa Extensions Suite 054, South Michael, IA 63363"
741,Richard Russell,hbryant@example.net,"52114 Michael Roads Apt. 960, Mooreberg, MA 29883"
742,Jason Vargas,kathleenconner@example.com,"40862 Garner Wall, Vasquezborough, AK 34912"
743,Gregory Smith,nelsonsherry@example.com,"USNS Drake, FPO AA 33499"
744,Norman Garcia,omorris@example.net,"439 Jessica Village, Andersonstad, WY 67013"
745,Diamond Stevens,danielleewing@example.org,"63994 Patterson Track Suite 710, West Hailey, NE 48499"
746,Michael Sanchez,danielanderson@example.com,"7334 Meadows Loaf, East Michael, PA 09501"
747,Heather Russell,mward@example.org,"886 Russell Ridge, East Toniburgh, MI 14742"
748,Erin Phillips,victoria03@example.com,"727 Martinez Summit Apt. 724, West Amanda, TN 40253"
749,Joseph Hopkins,lisathomas@example.org,"89798 Holder Glen Apt. 639, Lake Charles, GU 06960"
750,Heather Estrada,josephhorton@example.com,"78789 Gregory Trafficway, North Sherrystad, MP 15659"
751,Sierra Grant,rodriguezcollin@example.net,"45350 Payne Spur Suite 855, North Brittanyshire, AS 44830"
752,Oscar Williamson,msmith@example.net,"22296 Keller Manor Apt. 587, Brooksside, DE 69867"
753,Heather Bennett DVM,barkeralan@example.org,"Unit 0474 Box 1385, DPO AP 04712"
754,Angela Miller,matthewpope@example.com,"96469 Monica Oval Suite 480, North Jefferystad, CA 62301"
755,Gina White,knightdiana@example.com,"33728 Vasquez Pines, Jamesburgh, DE 29326"
756,Jay Cabrera,tgraves@example.com,"55406 Benson Mission, Port Seanmouth, OR 73151"
757,Kevin Moore,bwagner@example.com,"0674 Dawn Mission Suite 762, East Susanbury, IA 69544"
758,Michael Moore,ucochran@example.org,"218 Steven Islands Suite 382, Lake Jenniferhaven, CT 72245"
759,Anna Bolton,melindamorris@example.org,"9301 Tyler Pike, Matthewchester, RI 93284"
760,Dustin Hernandez,levyjennifer@example.com,"8801 Christopher Extensions, East Seanstad, AR 61901"
761,Jeffery Rogers,clintonharris@example.org,"70643 Kenneth Coves, Moralesfort, PR 88802"
762,Sandra Copeland,garciathomas@example.net,"246 Wilson Trafficway, Lake Danielshire, PA 91756"
763,James Gutierrez,michael96@example.com,"25537 Jamie Shoal Suite 639, North Nicholas, KY 64100"
764,Kimberly Ramos,stephaniemoss@example.org,"913 Carlson Alley Apt. 005, Carlyburgh, IA 63378"
765,Sandra Robinson,brian69@example.net,"8240 Gardner Garden Apt. 892, Harperfort, NC 22205"
766,Rebecca Rodriguez,armstrongjennifer@example.org,"USNV Williams, FPO AP 98259"
767,Alexander Leonard,cherylwilliams@example.org,"17561 Burke Junction Apt. 676, Hallbury, MT 28421"
768,Michael Chapman,parkscharles@example.net,"6274 Jacqueline Park, Port Kimberly, IN 37711"
769,Tony Brooks,elizabethhill@example.org,"068 Sarah Throughway, Meganside, CA 49760"
770,Kristy Horne,roymichaela@example.net,"260 Ernest Fort, Kyleside, PW 00539"
771,Jenny Smith,jeffreyshields@example.net,"12884 Daniel Avenue, East Jessica, ID 28981"
772,Stephanie Johnson,wellsamanda@example.net,"395 Bradley Pine Suite 132, North Scottport, NV 67620"
773,Katherine Wright PhD,lanejared@example.net,"6890 Everett Ford, South Jacob, UT 20047"
774,Angela Woods,garrettmaxwell@example.net,"363 Walter Mount, Port Melvinmouth, CO 42957"
775,David Foster,brandonchang@example.com,"0803 Brittany Port, Colleenstad, PA 44498"
776,Kristen Gallagher,lisa09@example.com,"329 Moore Glens, Walkerton, DE 17602"
777,Mr. Charles Rose,mwilson@example.net,"716 Payne Meadows Suite 631, North Karen, MT 94060"
778,Ariel Meyer,simmonsnatalie@example.net,"0613 Daniel Mall, Cameronview, MO 30077"
779,Dennis Morrow,zmoore@example.com,"68297 Laura Isle, Mezafurt, NM 15641"
780,Sydney Melendez,john11@example.net,"019 Hayden Ports Suite 675, West Davidburgh, MD 54930"
781,Kim Ortiz,elliottcurtis@example.com,"80693 Wilson Cape Suite 271, North Michaelchester, RI 25586"
782,Daniel Johnson,ehogan@example.net,"095 Salinas Road Suite 595, Robertsonland, NE 27795"
783,Jodi Ferrell,hernandezdaniel@example.com,"29940 Hernandez Mill Suite 776, Masseytown, MI 72386"
784,Julie Reese,jacobsveronica@example.org,"26108 Martinez Spur Apt. 887, Charlesshire, NE 88929"
785,Miguel Martinez,austin37@example.com,"59987 William Spring, Cooperton, PR 37605"
786,Victoria Brown,omoran@example.net,"USS Williams, FPO AA 88540"
787,Katie Reed,joshua78@example.net,"539 Bryan Shores, South Susanshire, ID 40859"
788,Travis Howard,proctorkristin@example.net,"USNS Reed, FPO AE 30085"
789,Jennifer Snyder,tara32@example.net,"98634 Katelyn Corners Apt. 767, Danielport, PW 17915"
790,Danny Brown,beckchristina@example.com,"4473 Cox Pines, Mccartyborough, OR 45412"
791,Diamond Gardner DDS,aaronlivingston@example.net,"8636 Edwards Road Suite 008, Lake Craighaven, VI 84045"
792,Tara Castro,jessica49@example.org,"00898 Victoria Station, Katelynshire, NE 06138"
793,Chloe Smith,william05@example.com,"54145 Marshall Avenue, Ruizborough, PW 81654"
794,Joyce Carroll,christine83@example.net,"8539 Donald Terrace, South Christina, NJ 48980"
795,Harold Pierce,thomas20@example.com,"8178 Elizabeth Port Suite 965, Josephborough, VI 65352"
796,Kelly Johnson,dawn71@example.org,"3362 Goodman Parks Suite 312, East Anthony, OK 29363"
797,Steven Peck DDS,howardcindy@example.org,"6651 Jessica Underpass Apt. 309, North Steven, DC 93969"
798,Adam Bailey,perkinswilliam@example.net,"8571 Johnson Green, East Javierstad, OH 74247"
799,Gregory Kennedy,andreanielsen@example.net,"358 Gary Junction, Janetland, DC 98813"
800,Mrs. Kimberly Hall MD,marysutton@example.net,"17189 Gregory Fort, West Laurenfurt, OH 29686"
801,Jennifer Jones,edodson@example.net,"933 Colin Turnpike, Guerrastad, NM 14670"
802,John James,jeffersonjacqueline@example.net,"959 Steven Curve Apt. 444, Feliciahaven, VI 07588"
803,Justin Rice,mitchellpayne@example.com,"7574 Fowler Gardens Apt. 142, Port Jameschester, OK 04116"
804,Brittany Lopez,omitchell@example.com,"USNV Nelson, FPO AE 66906"
805,Lisa Phillips,kathleenhart@example.com,"181 Torres Unions Suite 764, New Melissa, OK 02115"
806,Patricia Barber,aguirrefrances@example.org,"042 Hart Meadow, Leachfort, PA 78233"
807,Gordon Mitchell,melissa30@example.com,"64045 Andrews Locks, West Tonyamouth, PR 59435"
808,Andrea Frazier,steintony@example.com,"4143 Erika Throughway Suite 527, Mcneilside, WY 71624"
809,Nicholas Caldwell,simsteresa@example.net,"Unit 7166 Box 1144, DPO AP 38021"
810,Joshua Evans,jensenkathleen@example.com,"USNS Berry, FPO AA 98396"
811,Brittany Lopez,youngalex@example.com,"093 Gibbs Hill, Mccarthybury, DC 39480"
812,Haley Proctor,austin48@example.net,"2609 Lisa Wells, Port Troy, NE 53561"
813,Joseph Pace,michaelharmon@example.org,"19056 Baldwin Falls Apt. 450, Dawsonborough, NV 52571"
814,Katie Cruz,christineherrera@example.net,"311 Kyle Meadow Apt. 982, South Williamstad, NJ 66936"
815,Brandon Saunders,marywalker@example.net,"836 Brandon Haven Suite 414, New Ashley, MI 94124"
816,Martha Simmons,jeremiahbrown@example.com,"2872 Jenkins Ridge Suite 460, Alanport, DE 73792"
817,Lauren Scott,charles44@example.org,"23571 West River Suite 863, Lake Amanda, GA 70323"
818,Phyllis Rose,barnettdanielle@example.net,"Unit 5121 Box 5227, DPO AP 18057"
819,Dr. David Wilson,weekstiffany@example.com,"11755 Jonathan Route, Port Charles, MS 19350"
820,Joseph Wood,jessicalopez@example.org,"94250 Thomas Roads, Lake Jo, IL 27495"
821,John Wolf,kayala@example.com,"190 Barbara Fall, Kennedyhaven, WY 19198"
822,Lindsey Brown,patriciamorales@example.org,"87918 Edward Forges Suite 982, Christopherside, MD 44568"
823,Janice Howard,mhunt@example.org,"238 Erin Parks Suite 675, West Cameron, MI 11200"
824,John Dean,mooretimothy@example.com,"9516 Hall Station, Smithmouth, MD 03038"
825,Tyler Craig,nguzman@example.com,"830 Lisa Lock Apt. 472, Hunterfort, OK 48598"
826,Jeffrey Wade,natasharivera@example.net,"USNV Summers, FPO AE 54464"
827,Maria Perez,millerchristine@example.org,"10081 Barnes Rue, East Samuelfort, LA 78192"
828,Megan Miller,snydermonica@example.org,"237 Tasha Brook, Johnsonmouth, PW 22342"
829,Madison Mack,wpatel@example.org,"USNS Jenkins, FPO AE 09485"
830,Alicia Sloan,phillipsmegan@example.com,"6644 Jennifer Wells Suite 632, Arthurmouth, ID 43429"
831,Joseph Williams,thomas28@example.net,"1615 Rodriguez Divide, Christopherbury, PR 38051"
832,Karen Barr,bellpaul@example.net,"4046 Simmons Springs, East Thomasbury, OK 19452"
833,Michelle Hicks,bwilson@example.com,"Unit 6858 Box 2542, DPO AP 19721"
834,Desiree Harris,alexandra87@example.org,"71249 Victoria Mountains Apt. 685, Marvinville, FL 73301"
835,Jamie Bridges,carrollalexandria@example.com,"98862 Fleming Harbors Apt. 182, Jonathanchester, MH 49271"
836,Dominic Bell,barnesadam@example.org,"USNS Mason, FPO AA 22395"
837,Shelley Potter,mark09@example.net,"USNV Clark, FPO AP 50196"
838,Heather Rose,elizabeth68@example.net,"Unit 9054 Box 4218, DPO AA 39058"
839,Carla Bell,dtanner@example.com,"802 Evans Way, Nicolemouth, NJ 50979"
840,Gary Copeland,albertberger@example.com,"916 Lopez Pass, Port Michaelstad, WI 26801"
841,Scott Espinoza,rosebishop@example.org,"14115 Moore Stravenue Apt. 683, Roachberg, IN 89651"
842,Megan Perry,morrowshelley@example.com,"USNS Moore, FPO AP 85146"
843,Michael Wright,mackmelissa@example.com,"1622 Linda Forges, North Brittanyberg, UT 83030"
844,Christina Paul,wilsonalexa@example.net,"63884 Sanchez Trace, Port Tracyfort, WV 63447"
845,Michael Hernandez,vjones@example.com,"067 Anita Throughway Suite 456, Stephaniestad, MI 51572"
846,Taylor Myers,meredith15@example.com,"430 James Roads, South Christopher, AL 27109"
847,Katie Johnson,rosediaz@example.net,"Unit 5797 Box 3628, DPO AP 66825"
848,Lauren Padilla,edwardwebb@example.org,"9746 Marissa River Suite 920, New Kimberly, OR 36707"
849,Sandra Dean,huangjennifer@example.org,"172 Bobby Crossing Apt. 209, Bethhaven, MN 37177"
850,Tamara Rodriguez,qsmith@example.net,"677 Fleming Drives Apt. 434, South Jorgeberg, VI 91062"
851,Kristina Davis,ghart@example.org,"855 Watkins Spur Suite 620, Brandonchester, AZ 23106"
852,Jennifer Larson,normafrench@example.net,"45284 Jason Stream, Port Zachary, FM 64263"
853,Connie Guerra,stanleykaren@example.org,"3689 Wayne Corners Apt. 829, Paynebury, PA 13899"
854,Joshua Jenkins,lesliestone@example.org,"3472 Henderson Stream, Port Tiffanyfort, ID 97335"
855,Mark Nunez,meghan42@example.net,"772 Meyer Oval, South Melvinland, NY 51049"
856,Robert Johns,brandonbaird@example.org,"84938 Pearson Inlet Suite 926, South Alexandriaborough, SC 46084"
857,Luke Johnson,yhughes@example.com,"8279 Buck View Apt. 153, Port Curtis, KS 00944"
858,Elizabeth Morgan,masseylaura@example.org,"2260 Castro Junctions, Lake Jasmineton, MT 28137"
859,Kelly Pope,wisesteven@example.org,"203 Hernandez Fort, Ericchester, AR 13865"
860,Diane Osborne,rcollins@example.net,"352 Robinson Mission, Stoutburgh, VA 73390"
861,Ashley Cantu,esmith@example.com,"589 Jones Spurs Suite 233, Port Eddie, WI 35156"
862,Marc Kelly,michael57@example.com,"047 Cohen Pass Apt. 798, New Joelstad, TX 93484"
863,Yvonne Freeman,taylormolly@example.net,"077 Dalton Bypass, Lake Jessica, VT 99187"
864,Jessica Smith,jeffreystephens@example.net,"998 Brian Curve, Edwardsburgh, ND 02235"
865,Nathan Waters,xcampbell@example.com,"59228 Adrian Row, Lonnieberg, IL 44754"
866,Christopher Parker III,smithalison@example.net,"32278 Zimmerman Heights Apt. 851, North John, LA 72123"
867,Randall Mitchell,amanda20@example.org,"021 Kenneth Haven Suite 792, Port Willieland, TN 67545"
868,Tiffany Phillips,xwolfe@example.org,"140 Williams Plains, Feliciafort, MH 35086"
869,Cody Martin,delgadoroy@example.org,"02672 Miller Manors Suite 592, North Amyberg, MD 98132"
870,Ashley Rice,alee@example.org,"14139 Williams Glen Suite 284, Janicechester, CO 71003"
871,Anita Johnston,steven92@example.com,"Unit 9701 Box 3127, DPO AA 48013"
872,Kelsey Figueroa,twagner@example.org,"5042 Fox Fields Apt. 200, New Kenneth, PW 65148"
873,Dr. Ricardo Delgado,jasonwood@example.org,"09582 Kim Terrace Apt. 487, Danafort, MP 71376"
874,Tamara Flores,xvillegas@example.com,"647 Lisa Springs, Port Gabriela, OH 98509"
875,Catherine Santos,kimberlywelch@example.com,"29670 Melissa Parks, North Edward, PR 32626"
876,Jacob Smith,craigwarren@example.net,"PSC 1942, Box 2151, APO AP 41625"
877,Margaret Ayala,joseph30@example.org,"767 Murphy Harbors, New Dennishaven, OR 53796"
878,Julia Burns,markmorris@example.net,"890 Williams Ridges Suite 441, Velezville, GU 71424"
879,Scott Torres,oliviahebert@example.com,"49957 Jennifer Islands, Aprilfurt, VA 90920"
880,Roberto Knapp,deborah37@example.org,"910 Kyle Tunnel Suite 406, West Stephanie, NV 88506"
881,Thomas Taylor,angelascott@example.net,"17405 Gibbs Way Apt. 531, South Brian, MT 75722"
882,Jennifer Krause,ericneal@example.com,"957 Brittney Causeway, South James, IN 63119"
883,Jeffery Padilla,marcushenderson@example.net,"Unit 5966 Box 7005, DPO AA 77273"
884,Sheri Ray,mackjacqueline@example.com,"84110 Anita Hill, South Sheila, OH 50315"
885,Shawn Lowe,daviddiaz@example.com,"928 Larry Turnpike, Roseburgh, OH 79751"
886,Gina Marsh,bgreer@example.net,"USNS Green, FPO AA 56610"
887,Michael Douglas,ephillips@example.org,"3304 Jerry Prairie Apt. 867, West Bruce, MS 41643"
888,Stephanie Lewis,rhodesmelissa@example.net,"72070 Rose Shoals Apt. 826, Lake Erica, SC 22948"
889,Rhonda Todd,donaldmatthews@example.net,"8072 Tamara Court, North Frankside, IN 77032"
890,Nancy Rodriguez,heather36@example.net,"Unit 6484 Box 1865, DPO AE 32875"
891,Anthony Bailey,julia13@example.org,"441 Deborah Lock Suite 311, Smithview, IA 89390"
892,Danielle Boyer,nielseneugene@example.net,"7513 George Crossing, Richardville, AR 07590"
893,Angela Salazar,zgonzalez@example.net,"320 Blake Plaza, North Michelle, WY 32515"
894,John Jensen,wattsmichael@example.org,"1723 Lozano Ports, Haletown, MP 75677"
895,Michael Scott,diazjason@example.org,"5871 Daniels Loaf, Port Rachael, LA 47467"
896,Anne Joseph,deanjenna@example.org,"34787 Angela Shoals, Rodriguezberg, OK 77249"
897,Sherry Morgan,lindagibson@example.org,"22502 Roman Dam Apt. 335, Flemington, MN 86322"
898,James Allen,murphyconnor@example.com,"981 Green Streets Apt. 156, Christineport, CO 18152"
899,Charles Rhodes,christian94@example.net,"643 Taylor Spurs, North Kathleenmouth, PW 39465"
900,William Mitchell,vjones@example.com,"913 Myers Haven, South Daniel, DE 84769"
901,Charles Morris,merrittcraig@example.org,"411 Michael Stravenue Apt. 303, Lake Bethany, WA 12746"
902,William Walker,gregoryscott@example.org,"62382 Moore Drive, Sherryville, VT 05697"
903,Shawn Gonzales,amandadickerson@example.org,"2678 Elizabeth Overpass, Kimport, MH 64111"
904,Erin Henson,melissajoyce@example.com,"91790 Herrera Island, South Maryberg, DC 87758"
905,Daniel Schwartz,kanderson@example.net,"3356 Gould Trail Apt. 873, East Nicholas, AZ 29804"
906,Thomas Murphy,stephen82@example.net,"99942 Coleman Roads, East Juliaport, PW 91687"
907,Douglas Brooks,wyoung@example.org,"Unit 3404 Box 1118, DPO AP 13769"
908,Alexander Humphrey,derek75@example.com,"9931 Michael Crest Apt. 389, Foxshire, WI 82763"
909,Kayla Thomas,ucobb@example.net,"06853 Curtis Landing Suite 126, New Lauren, WV 11023"
910,Tonya Burton,katrina30@example.net,"780 Elizabeth Forks Apt. 137, Martinezbury, MA 62614"
911,Elizabeth Gonzalez,bruce34@example.org,"665 Glenn Hills Apt. 509, North Michelle, NC 24384"
912,Daniel Morgan,stevenwatts@example.org,"7642 Barrett Green, Duanehaven, AZ 35522"
913,Melanie Fletcher,brittanycollins@example.net,"053 Charles Ferry Suite 483, Aprilfort, AR 74658"
914,Joseph Brandt,tdougherty@example.org,"85633 Carroll Corner Apt. 295, South Rebeccaport, GU 08954"
915,April Mahoney,rachel48@example.com,"629 Christina Lane Suite 257, Port Michael, MP 36607"
916,Connor Mack,qhogan@example.org,"17071 Jeremy Cove Suite 820, East Debra, MN 79266"
917,Patrick Murphy,mariomurray@example.com,"63562 Matthew Avenue Suite 498, Saunderston, ID 67695"
918,Jennifer Turner,howelldenise@example.org,"080 Flores Highway Apt. 173, Dudleymouth, VI 65246"
919,Joseph Campos,yvettecoleman@example.org,"82331 Ramirez Underpass Apt. 862, Lake Victoria, NM 06602"
920,Martin Nichols,bowersnatalie@example.org,"7735 Price Viaduct, West Carrie, DC 70491"
921,Michael Aguilar,tannersarah@example.org,"95011 Brittany Road, Gregoryport, AR 28778"
922,Patrick Goodwin,ystewart@example.net,"830 Ryan Underpass, Natashabury, OK 42635"
923,Danielle Mendoza,rachelbenton@example.com,"9715 Patrick Highway Suite 439, South Renee, VT 84653"
924,Laura Simon,johnsonangela@example.org,"3714 Flores Locks, Barrettland, SC 33753"
925,Natalie Zamora,josephbaird@example.org,"98002 Kayla Court, East Erinfort, VT 91232"
926,Michelle West,kylescott@example.com,"USNS Garza, FPO AP 63777"
927,Cindy Gonzales,msimpson@example.com,"4853 Richard Inlet, Port Margaretside, GA 56008"
928,Michael Davis,rgreen@example.com,"Unit 9978 Box 0878, DPO AE 08130"
929,Robin Small,kscott@example.net,"31530 Richard Streets, Danaport, ME 39711"
930,Trevor Gomez,carolyn86@example.com,"60906 Michelle Crescent, North Jeremy, VI 90486"
931,Monica Murphy,gregoryshea@example.net,"23904 Glass Flat, South Maureen, KS 79590"
932,Jeffrey Stokes,williamtucker@example.org,"2781 Christopher Port Apt. 791, South Joshuaburgh, OR 01364"
933,Andrea Garcia,nicholastapia@example.org,"26784 Dennis Village, Andreamouth, SC 86414"
934,Michael Phillips MD,sara01@example.org,"597 Gutierrez Island Suite 015, Davidsonport, ID 25982"
935,Maria Ferrell,mitchelllori@example.org,"6891 Francisco Lock, Port Jonfurt, ND 78748"
936,Darren Lewis,kaylee71@example.com,"260 Harrington Greens Suite 480, Port Rebecca, GA 90012"
937,Amy Hooper,victoria73@example.org,"USNV West, FPO AA 70081"
938,Jessica Garrett,douglas41@example.net,"197 Scott Circles Apt. 750, Benjaminstad, OH 17526"
939,Kristy Duncan,lorirusso@example.org,"Unit 0101 Box 8195, DPO AA 18223"
940,Jesse Ibarra,alexanderwilliams@example.org,"6474 Matthew Crest Apt. 239, New Paul, OH 72858"
941,Derek Diaz,martincasey@example.com,"Unit 5046 Box 6609, DPO AP 98086"
942,Donna Le,owenrhonda@example.com,"USNV Madden, FPO AA 55219"
943,Amber Miller,debra54@example.net,"741 Heather Route Suite 085, Rickton, KY 67115"
944,Rachel Floyd,brent11@example.com,"9176 Karen Falls, New Robert, MD 41665"
945,Brian Acosta,nhall@example.org,"0341 Larry Park, Kellyland, NH 03505"
946,Jessica Walker,lori51@example.com,"Unit 0231 Box 7232, DPO AE 65345"
947,Alexandra Washington,arthurlutz@example.org,"0637 Adam Ford Apt. 096, Mendozaville, CA 11305"
948,Michelle Smith,jonathonpena@example.com,"9651 Scott Plaza Suite 526, Chentown, VT 65753"
949,Patricia Higgins,allison73@example.com,"744 Jennings Court Apt. 189, New Jessica, MS 64257"
950,Jonathon Davis,michele57@example.org,"464 Mary Valleys, Clarkland, DC 60451"
951,John Miller,lhenderson@example.com,"34464 Williams Spur Suite 310, Jasonburgh, MN 39930"
952,Kurt Nolan,scottsandra@example.com,"USNV Williams, FPO AP 97105"
953,Courtney Stewart,elizabethmedina@example.net,"4783 John Prairie Suite 830, North Kathrynhaven, SC 48704"
954,Heather Taylor,romerochristian@example.org,"405 Fuller Trace Suite 229, Lake Kyle, MN 74955"
955,Matthew Williams,shannonellis@example.net,"13890 Angela Corners, South Jenniferfurt, UT 12713"
956,Anthony Jones,anthony07@example.org,"782 Peterson Path Suite 646, Atkinsonton, NH 51634"
957,Margaret Holden,erica16@example.com,"1489 Jeffrey Inlet Suite 179, West Nicole, LA 80750"
958,Katherine Cooper MD,harrisbrandon@example.org,"799 Gonzalez Ville, West Paigeshire, GU 29163"
959,Misty Mullins,millerkimberly@example.com,"33297 Julie View Suite 119, Jackville, SC 01524"
960,Daniel Taylor,jonesjill@example.net,"0402 Williams Freeway Apt. 791, Port Brianburgh, TN 54226"
961,Gary Miller,andrew15@example.com,"751 Castillo Park, Morganport, MO 18076"
962,Juan Miller,rileytoni@example.net,"17086 Roy Alley Apt. 590, New Patrickton, DC 84818"
963,Paul Lopez,elizabethrose@example.org,"0690 Benjamin Gateway Suite 942, Lake Matthew, RI 95159"
964,Melanie Evans,corey36@example.net,"179 Navarro Plain Suite 593, Andrewborough, SC 68038"
965,Dr. Gregory Johnson Jr.,aortega@example.org,"24866 Robert Trace Apt. 808, Lake Michelleville, MI 06427"
966,Thomas Hernandez,coxdennis@example.net,"1573 Susan Walks Apt. 857, North Jessicafurt, MD 07637"
967,Tiffany Vargas DDS,michele03@example.com,"USCGC Hoover, FPO AE 15367"
968,John Rollins,katelynmoore@example.org,"6468 Gilmore Plains, North Nathanstad, RI 12267"
969,Parker Wade,callen@example.com,"90372 Ellis Light, Gibbschester, WA 18939"
970,Crystal Lamb,nicole23@example.net,"4627 Luke Cape, East Craigmouth, VT 61529"
971,James Baker,wilsontravis@example.com,"610 Marks Fall Apt. 974, North Timmouth, SC 06481"
972,Erin Blake,samuelfernandez@example.net,"214 Sharon Passage Suite 314, Valenzuelafurt, IA 22296"
973,Abigail Nielsen,luceroallison@example.net,"981 Jeffery Lights, Bergerport, AS 33459"
974,Gerald Allen,travissims@example.com,"8896 Brock Tunnel Suite 579, Pachecomouth, NJ 49862"
975,Gloria Smith,waterskrista@example.com,"0291 Mikayla Village, Lake Emily, SC 12717"
976,Richard Neal,simsbrian@example.org,"9359 Williams Points Suite 618, New Susanbury, UT 25160"
977,Christina Williams,hlowery@example.org,"953 Lewis Court Apt. 490, Davenportport, VT 04276"
978,Jonathon Ruiz,olivia70@example.com,"92142 Cross Wells, South Jessicaside, TX 14684"
979,Anthony Mclean,blee@example.org,"2860 Beck Point, South Kimberlymouth, AZ 94271"
980,Rachel Galloway DDS,sgardner@example.net,"2028 Thomas Courts Suite 974, Cabrerafurt, PA 34228"
981,Joshua Robles II,hstewart@example.org,"17153 Smith Lakes, New Thomas, PW 62164"
982,Michael Thompson,chenderson@example.org,"1427 Daniel Square Apt. 150, North Curtis, WI 99526"
983,Sarah Ortega,debrahoward@example.com,"43174 Andrews Flat Apt. 235, Lake James, HI 10545"
984,Gregory Young,williamrowe@example.net,"842 Nelson Cliffs, Melissaburgh, KS 59164"
985,Kelly Watson,petersonmichele@example.org,"30114 Park Streets Suite 666, Blaketon, VI 79762"
986,Gwendolyn Johnson,robinwebb@example.org,"348 Smith Trail, East Taylor, PA 91066"
987,Brian Neal,heather86@example.net,"771 Kimberly Coves Apt. 216, Jasontown, NM 18139"
988,Tiffany Leonard,ddeleon@example.org,"9950 Mark Village Suite 909, Saraburgh, PW 22458"
989,Kathryn Lopez,vanessa91@example.net,"98715 Lawrence Wells, Kathrynbury, SD 14657"
990,Ryan Pham,rosschristina@example.net,"897 Lane Lights Apt. 099, Petersontown, ME 20401"
991,Susan Williams,garciaashley@example.org,"2209 Rodriguez Fords Suite 869, Johnville, KS 44300"
992,Shannon Walker,christinemendoza@example.org,"PSC 2602, Box 7203, APO AP 53681"
993,Julie Walker,mcmahonjulie@example.com,"274 Lisa Shoals, Shermanburgh, AZ 57483"
994,Angel Cooley,floreszoe@example.com,"2248 Hamilton Estate Apt. 267, Lake Jillport, IN 51324"
995,Yvonne Thompson,austinlisa@example.net,"29187 Jean Spring Apt. 624, Dianaport, NC 97248"
996,Richard Green,zware@example.net,"13542 Lozano Plains Apt. 013, North Teresa, ID 55764"
997,Suzanne Murphy,jordan01@example.com,"Unit 7598 Box 8990, DPO AP 48520"
998,Catherine Henry,khammond@example.net,"896 Gutierrez Plain, Toddburgh, OK 69469"
999,Stephen Koch,lpennington@example.com,"371 Grant Shoal, New Andrew, MS 28097"
1000,Carol Sullivan,fdiaz@example.net,"Unit 5407 Box 1717, DPO AP 61287"
